,root,intermediate,edge
DR,1.0,0.07660587942202289,-0.1623604034789769
FPR,-0.034482758620689696,0.1151505341617701,0.2394512406586818
F1,0.9532062391681108,0.2723759939923321,0.07764693070617959
