,root,intermediate,edge
DR,1.0,0.13216143497757846,-0.1623604034789769
FPR,-0.034482758620689696,0.053352781352781355,0.2394512406586818
F1,0.9532062391681108,0.26444166497849503,0.07764693070617959
