,root,intermediate,edge
DR,1.0,0.3261049606131573,0.04172224958702536
FPR,-0.0,0.02163061089044168,0.13300137722848443
F1,1.0,0.4584928234896085,0.291607099554468
