,root,intermediate,edge
DR,1.0,0.34201405152224823,0.04172224958702536
FPR,-0.0,0.010665698609739921,0.13300137722848443
F1,1.0,0.437373397342076,0.291607099554468
