,root,intermediate,edge
DR,0.0,0.5523809523809524,0.10719816526027284
FPR,-0.0,-0.010466122466059881,0.1334278352850014
F1,0.0,0.5140623232310535,0.34261764109197557
