,root,intermediate,edge
DR,1.0,0.5416282642089094,0.10469816526027284
FPR,-0.0,0.0032441021205066,0.1339486686183347
F1,1.0,0.6517850796420148,0.3472341712483419
