,root,intermediate,edge
DR,1.0,0.24231709848382993,-0.27407280238311316
FPR,-0.0281879194630872,0.05358853255509196,0.30948646124533336
F1,0.96045197740113,0.38819145486640794,0.04212467431780796
