,root,intermediate,edge
DR,1.0,0.22914080109700619,-0.24581193281789576
FPR,-0.0281879194630872,0.05020149075180367,0.2821383949469908
F1,0.96045197740113,0.3915698829231685,0.03785433603097651
