,root,intermediate,edge
DR,0.0,0.2,0.040450517108140537
FPR,-0.0,-0.00486725663716814,0.1232028772708871
F1,0.0,0.17943925233644858,0.22258965700922267
