,root,intermediate,edge
DR,1.0,0.18041666666666664,0.035611807430721176
FPR,-0.0,0.0047422680412371205,0.12554829304913867
F1,1.0,0.2382395382395382,0.2351788113169324
