,root,intermediate,edge
DR,1.0,0.26666666666666666,0.095
FPR,-0.0,0.032970802441689304,0.09692773570499988
F1,1.0,0.4763695981466631,0.160052719865804
