,root,intermediate,edge
DR,1.0,0.14823883161512028,-0.016746231039614822
FPR,-0.0,0.025170998632010937,0.17088206693439642
F1,1.0,0.2586464757485091,0.330947320106784
