,root,intermediate,edge
DR,1.0,0.1850721649484536,0.06780383795309168
FPR,-0.0,0.062383563314268045,0.0898686302509852
F1,1.0,0.43856445382078063,0.17099621689785627
