,root,intermediate,edge
DR,1.0,0.3794670846394984,0.0635201958384333
FPR,-0.0,0.01778242677824268,0.11092686083764407
F1,1.0,0.4860394772014237,0.25322024820156486
