,root,intermediate,edge
DR,1.0,0.37589565606806985,0.0635201958384333
FPR,-0.0,0.026257003049429118,0.11092686083764407
F1,1.0,0.533754081437767,0.25322024820156486
