,root,intermediate,edge
DR,1.0,0.1675087108013937,0.05433350000793689
FPR,-0.0,0.00801748820275358,0.14050886633405518
F1,1.0,0.19744071190728246,0.2990084172790782
