,root,intermediate,edge
DR,1.0,0.5606840983100118,0.06082706766917294
FPR,-0.0,0.00243372618062218,0.12035222910849175
F1,1.0,0.5533042558515447,0.2962009993503421
