,root,intermediate,edge
DR,1.0,0.3082365790662171,-0.24775479740328357
FPR,-0.0359897172236503,0.00935347027513016,0.2769631703925451
F1,0.940677966101695,0.40610570765161674,0.03301483823826035
