,root,intermediate,edge
DR,1.0,0.2606841315137695,-0.24775479740328357
FPR,-0.0359897172236503,0.048849268594457894,0.2769631703925451
F1,0.940677966101695,0.4061484769646347,0.03301483823826035
