,root,intermediate,edge
DR,1.0,0.1269755839678488,-0.10333913258721175
FPR,-0.032133676092545,0.12868213197236716,0.16126408113269358
F1,0.940677966101695,0.30700618665360235,0.06106421761950829
