,root,intermediate,edge
DR,1.0,0.07942313641540122,-0.10333913258721175
FPR,-0.032133676092545,0.16649725802278734,0.16126408113269358
F1,0.940677966101695,0.30704895596662024,0.06106421761950829
