,root,intermediate,edge
DR,1.0,0.17997043606799704,0.05239498747149236
FPR,-0.0,0.023614855532924677,0.1352061538676071
F1,1.0,0.31901656728460637,0.3139374980675748
