,root,intermediate,edge
DR,1.0,0.33997043606799704,0.06033301080470892
FPR,-0.0,0.013041425215495197,0.12789776780971412
F1,1.0,0.42752571324925837,0.3002753192493703
