,root,intermediate,edge
DR,0.0,0.1876543209876543,0.07969058591178409
FPR,-0.0,0.006340305039708059,0.11225860945860082
F1,0.0,0.21325430408300186,0.138241390209327
