,root,intermediate,edge
DR,1.0,0.3638253638253639,0.08686868686868687
FPR,-0.0,0.01994920877182862,0.094177427784531
F1,1.0,0.3778594249732092,0.10235055149459767
