,root,intermediate,edge
DR,1.0,0.3515656565656566,0.00013478050396187324
FPR,-0.0010405827263267,0.007391100381019959,0.13403986376376317
F1,0.9873417721518988,0.44615384615384607,0.25589647993053616
