,root,intermediate,edge
DR,1.0,0.13776216557060067,-0.10640104927692424
FPR,-0.0173697270471464,0.10452210470002365,0.1590141054882474
F1,0.9627791563275434,0.29846708746882744,0.06638924391582414
