,root,intermediate,edge
DR,1.0,0.07530369380980333,-0.10640104927692424
FPR,-0.0173697270471464,0.149443420865975,0.1590141054882474
F1,0.9627791563275434,0.2905087285815635,0.06638924391582414
