,root,intermediate,edge
DR,1.0,0.3005369807497467,0.053291753291753285
FPR,-0.0,0.04813196368229232,0.1236324266350505
F1,1.0,0.5465744170526711,0.29369103419843484
