,root,intermediate,edge
DR,1.0,0.29953952538110956,0.053291753291753285
FPR,-0.0,0.05496414921926244,0.1236324266350505
F1,1.0,0.5480846376723456,0.29369103419843484
