,root,intermediate,edge
DR,1.0,0.29333333333333333,0.095
FPR,-0.0,0.030161612427382523,0.09820887606601891
F1,1.0,0.5213394216133942,0.160052719865804
