,root,intermediate,edge
DR,1.0,0.310599695585997,0.02147707358952041
FPR,-0.0021299254526091,0.0572564603804774,0.11274305139575809
F1,0.9838709677419356,0.44046008525965,0.14022204429109011
