,root,intermediate,edge
DR,1.0,0.31421726664542843,0.05698924731182794
FPR,-0.0021299254526091,0.045189991405963005,0.08981156151534316
F1,0.9838709677419356,0.41200713470143635,0.09741525423728814
