,root,intermediate,edge
DR,1.0,-0.15153263311145,-0.03515247410817031
FPR,-0.1292962356792144,0.22076670441147656,0.05859655078761542
F1,0.8922018348623854,0.021669034823867683,0.013939763939763938
