,root,intermediate,edge
DR,1.0,0.01875746736484989,-0.02583485290105818
FPR,-0.014164305949008499,0.16904681842826172,0.09866944773941742
F1,0.9686985172981878,0.18191878321449823,0.06759170605891127
