,root,intermediate,edge
DR,1.0,0.017125374625374622,0.008482490272373555
FPR,-0.014164305949008499,0.168391083261657,0.06972568916602921
F1,0.9686985172981878,0.1935792298648587,0.06778457391664938
