,root,intermediate,edge
DR,1.0,0.18467631842093818,0.13805155574240813
FPR,-0.0,0.012329942706935519,0.14077380594142255
F1,1.0,0.2379055318433628,0.33065426975646073
