,root,intermediate,edge
DR,1.0,0.5246763184209382,0.13422487319327175
FPR,-0.0,0.014161071903273259,0.14609481946945096
F1,1.0,0.6458021551219894,0.3749526172540457
