,root,intermediate,edge
DR,1.0,0.2,0.07406601512078186
FPR,-0.0,-0.01133263378803776,0.11279298553447488
F1,1.0,0.127027027027027,0.2414356616174825
