,root,intermediate,edge
DR,1.0,0.36664820941596643,0.06612950718427392
FPR,-0.0,0.004733467423284201,0.11844933558783668
F1,1.0,0.3945200547444115,0.26691236876000984
