,root,intermediate,edge
DR,1.0,0.0240832121444574,-0.2839920473371066
FPR,-0.115702479338843,0.06765185877586985,0.28660806901226776
F1,0.914351851851852,0.14048476218464012,-0.1152159452004045
