,root,intermediate,edge
DR,0.9921875,-0.049497798429478726,0.07415730337078653
FPR,0.043010752688172,0.09999586970061938,0.0681265206812652
F1,0.9759249528035655,0.07152348539535273,0.08498613998613999
