,root,intermediate,edge
DR,1.0,0.15384615384615388,-0.019817202961301617
FPR,-0.0,0.01856540084388186,0.13292957438269498
F1,1.0,0.26051525355581245,0.2038700028951032
