,root,intermediate,edge
DR,1.0,0.32606837606837613,-0.021302007081373486
FPR,-0.0,0.01981021412189014,0.1412291345546614
F1,1.0,0.44558988042148406,0.2524470420376219
