,root,intermediate,edge
DR,0.0,0.2,0.09430199430199432
FPR,-0.0,-0.01015544041450778,0.09924175520289738
F1,0.0,0.11475409836065573,0.14046300294193662
