,root,intermediate,edge
DR,1.0,0.33279761904761906,0.07812307843900794
FPR,-0.0,0.021479367055892363,0.10679204362788206
F1,1.0,0.44677913497055777,0.16628028232050324
