,root,intermediate,edge
DR,1.0,-0.003146529448454083,-0.38173130574867126
FPR,-0.166077738515901,0.07798236092265945,0.371415693419621
F1,0.9022869022869024,0.1209590172206579,-0.17664399457276025
