,root,intermediate,edge
DR,1.0,0.051028172418187454,-0.26320796100544386
FPR,-0.1034482758620689,0.06374335387623295,0.26507602602909885
F1,0.914141414141414,0.16738690599920614,-0.09201673501981222
