,root,intermediate,edge
DR,1.0,0.0,0.06666912754420684
FPR,-0.0,0.014255765199161418,0.1391017812382707
F1,1.0,0.053258417400927925,0.34358076811575644
