,root,intermediate,edge
DR,1.0,0.29333333333333333,0.07374129189918663
FPR,-0.0,0.01384314070105582,0.1231003562357343
F1,1.0,0.5213394216133942,0.27339587935182064
