,root,intermediate,edge
DR,1.0,0.3549295774647887,0.011467041730199624
FPR,-0.0,-0.00671140939597314,0.15140181772664557
F1,1.0,0.3498097861734225,0.2735160785206541
