,root,intermediate,edge
DR,1.0,0.5052657301431666,0.08215181818747183
FPR,-0.0,0.008708396262356881,0.15293557852124634
F1,1.0,0.5976631742511673,0.32397414053466594
