,root,intermediate,edge
DR,0.0,0.36074941451990633,0.07306182121971594
FPR,-0.0,0.02959955910460712,0.08878008371175465
F1,0.0,0.440062889186688,0.1554629779002739
