,root,intermediate,edge
DR,1.0,0.5354826331085466,0.07174603174603174
FPR,-0.0,0.03524613669085178,0.09609482779120461
F1,1.0,0.6479244234900344,0.19374159120492723
