,root,intermediate,edge
DR,1.0,0.35187607573149743,0.08888888888888888
FPR,-0.0,0.03524613669085178,0.08503079765937788
F1,1.0,0.45647143203704293,0.10684491978609625
