,root,intermediate,edge
DR,1.0,0.06843268598798946,0.01589001236633446
FPR,-0.0169712793733681,0.15647227929940627,0.06305066252415693
F1,0.9473684210526316,0.21474452122317117,0.06554588283206518
