,root,intermediate,edge
DR,1.0,0.003229073213196887,-0.2817766956289848
FPR,-0.13051470588235298,0.08830858470998162,0.2894086176277688
F1,0.926829268292683,0.13398846284663574,-0.09738271122027009
