,root,intermediate,edge
DR,1.0,0.07514220420834769,-0.16239598726629761
FPR,-0.0372413793103448,0.11655169615843775,0.24351436797277248
F1,0.9532062391681108,0.272042612108568,0.0784665229807269
