,root,intermediate,edge
DR,1.0,0.13139220420834768,-0.16239598726629761
FPR,-0.0372413793103448,0.05447304447304448,0.24351436797277248
F1,0.9532062391681108,0.26427328124081917,0.0784665229807269
