,root,intermediate,edge
DR,1.0,0.17615364907018788,-0.2493954615575018
FPR,-0.019047619047619,0.04902928147075843,0.30077132555611874
F1,0.9742647058823528,0.28295836051224765,0.06267516026439032
