,root,intermediate,edge
DR,1.0,0.2400967463908798,-0.22433305756364624
FPR,-0.019047619047619,0.0619729912645241,0.2782807996485617
F1,0.9742647058823528,0.392947650378425,0.05536698373600054
