,root,intermediate,edge
DR,1.0,0.34212305611899935,0.060063129931550975
FPR,-0.0,0.0006028802885619002,0.12599141912174835
F1,1.0,0.39250014157507607,0.23311801964759066
