,root,intermediate,edge
DR,1.0,0.3385516275475708,0.060063129931550975
FPR,-0.0,0.009077456559748339,0.12599141912174835
F1,1.0,0.4402147458114195,0.23311801964759066
