,root,intermediate,edge
DR,1.0,0.03909442756812771,-0.11501282480205202
FPR,-0.020242914979757,0.16725161513623027,0.1702867699453807
F1,0.9718574108818012,0.28093702719360153,0.05950655247430796
