,root,intermediate,edge
DR,1.0,0.16498798044458846,-0.15447307530208504
FPR,-0.0339425587467362,0.04073939952657086,0.22403972470093395
F1,0.9473684210526316,0.2850412068631317,0.0805381942996439
