,root,intermediate,edge
DR,1.0,0.37333333333333335,0.018869747899159663
FPR,-0.0,-0.00963734110893434,0.13228857149473838
F1,1.0,0.33402889245585876,0.348234271249812
