,root,intermediate,edge
DR,1.0,0.3411322011322011,0.013674942704354464
FPR,-0.0,0.01077382206305736,0.13759734722604933
F1,1.0,0.4092860059993946,0.36890182629772117
