,root,intermediate,edge
DR,1.0,0.35212121212121217,0.018869747899159663
FPR,-0.0,0.01084466164450798,0.13228857149473838
F1,1.0,0.4486401598401598,0.348234271249812
