,root,intermediate,edge
DR,1.0,0.167793897204513,-0.17757267352135747
FPR,-0.0184453227931489,0.0420493309184838,0.24538590076762792
F1,0.9698189134808852,0.27114788943614393,0.08321415700972229
