,root,intermediate,edge
DR,1.0,0.1702373457747221,-0.1541599751086591
FPR,-0.0184453227931489,0.04318183031124552,0.21918269221147818
F1,0.9698189134808852,0.2856050975638027,0.07718978030555719
