,root,intermediate,edge
DR,1.0,0.05427281037041252,-0.11495216482125965
FPR,-0.0219478737997256,0.17381531597406502,0.167029096769067
F1,0.971326164874552,0.27894981043347383,0.05499912716715168
