,root,intermediate,edge
DR,1.0,0.26355414392466026,-0.24402917298925814
FPR,-0.0186104218362282,0.03495417326481556,0.2731335978399382
F1,0.9627791563275434,0.38505846664823223,0.04338752954371895
