,root,intermediate,edge
DR,1.0,-0.008669950738916276,-0.030362318840579706
FPR,-0.0721003134796238,0.14713145506588132,0.05388636076349387
F1,0.914141414141414,0.09260298740788979,0.016644581413810172
