,root,intermediate,edge
DR,1.0,-0.10888047705470576,-0.030362318840579706
FPR,-0.0721003134796238,0.21189335982778612,0.05388636076349387
F1,0.914141414141414,0.05741458267963227,0.016644581413810172
