,root,intermediate,edge
DR,1.0,0.3771285199617675,0.014720793237709062
FPR,-0.0,0.00032086072596448076,0.1324200857146851
F1,1.0,0.38152367607198706,0.31494908014666095
