,root,intermediate,edge
DR,1.0,0.36678369237556063,0.014720793237709062
FPR,-0.0,0.011361200428724561,0.1324200857146851
F1,1.0,0.43728125182956284,0.31494908014666095
