,root,intermediate,edge
DR,1.0,0.33948169768646624,0.05753493008743656
FPR,-0.0,0.01573291536881756,0.14269191944043944
F1,1.0,0.43233706660312166,0.28463710933819303
