,root,intermediate,edge
DR,1.0,-0.136253816618693,-0.0411589455707182
FPR,-0.10110294117647059,0.20537781188735696,0.060799648967761265
F1,0.926829268292683,0.04066114187771517,0.007968717870711994
