,root,intermediate,edge
DR,1.0,-0.15574534204242188,-0.0411589455707182
FPR,-0.10110294117647059,0.24477175128129636,0.060799648967761265
F1,0.926829268292683,0.013477640151969127,0.007968717870711994
