,root,intermediate,edge
DR,1.0,0.2879398319560044,-0.21678823596570984
FPR,-0.0166453265044814,0.05336931043160446,0.2709084669743909
F1,0.9711751662971176,0.4087580211512888,0.07923405563743044
