,root,intermediate,edge
DR,1.0,0.28122488791387146,-0.18978823596570987
FPR,-0.0166453265044814,0.05129911480861016,0.24933703840296234
F1,0.9711751662971176,0.41852610712334765,0.0794039046909329
