,root,intermediate,edge
DR,1.0,0.17689165645026167,-0.24164117490944367
FPR,-0.0163265306122449,0.05095521722954406,0.3137435004730507
F1,0.9742647058823528,0.2831329817860707,0.07888292089040298
