,root,intermediate,edge
DR,1.0,0.05472411012836589,-0.10058798750544984
FPR,-0.0163265306122449,0.16404556152498895,0.16986628325135902
F1,0.9742647058823528,0.3017441578577321,0.07495695751296508
