,root,intermediate,edge
DR,1.0,0.13702956483799994,-0.10730498320910087
FPR,-0.0186104218362282,0.10501531099316938,0.15958722152549815
F1,0.9627791563275434,0.2984250970095152,0.06922966823759102
