,root,intermediate,edge
DR,1.0,0.0745710930772026,-0.10730498320910087
FPR,-0.0186104218362282,0.1496505041262166,0.15958722152549815
F1,0.9627791563275434,0.2904667381222513,0.06922966823759102
