,root,intermediate,edge
DR,1.0,-0.10666666666666666,0.095
FPR,-0.0,0.026773654296221982,0.09316326530612244
F1,1.0,0.27482779370641747,0.09743589743589745
