,root,intermediate,edge
DR,1.0,0.3003333043167068,-0.2203857962234932
FPR,-0.0138888888888888,0.04948793312455854,0.27829796694263625
F1,0.97423887587822,0.42401194080113347,0.10364867847400978
