,root,intermediate,edge
DR,1.0,0.2898382548117563,-0.19798579622349322
FPR,-0.0138888888888888,0.04656008369967183,0.25656463360930293
F1,0.97423887587822,0.43130297712056176,0.09846469264486266
