,root,intermediate,edge
DR,1.0,-0.16826873437326018,0.03805970149253731
FPR,0.07735849056603769,0.17425091873043447,0.0354515050167224
F1,0.93812375249501,-0.05253811282438805,0.05513513513513514
