,root,intermediate,edge
DR,1.0,0.3541753774680604,0.13200815294121052
FPR,-0.0,0.011066670772327683,0.1501556458934838
F1,1.0,0.37787854149911126,0.35994339022578253
