DR,FPR,F1
0.0,0.0,0.0
0.0,0.0,0.0
1.0,0.10377358490566038,0.4816753926701571
0.0,0.0,0.0
1.0,0.14404145077720207,0.3349282296650718
1.0,0.1439153439153439,0.44715447154471544
0.0,0.007216494845360825,0.0
0.125,0.17036290322580644,0.011235955056179775
0.0,0.8301486199575372,0.0
1.0,0.0806979280261723,0.6916666666666667
0.0,0.0,0.0
1.0,0.12098501070663811,0.5387755102040817
1.0,0.11334745762711865,0.5114155251141552
0.875,0.0,0.9333333333333333
1.0,0.0,1.0
0.8,0.0,0.8888888888888888
