,root,intermediate,edge
DR,1.0,0.54383755857263,0.12162016511694082
FPR,-0.0,0.016894945787344857,0.14655088329308644
F1,1.0,0.6584490866192121,0.3681692218157815
