,root,intermediate,edge
DR,1.0,0.30858763701579883,0.023274026362564437
FPR,-0.0021299254526091,0.04483156246191502,0.11990950992425857
F1,0.9838709677419356,0.5187846001786451,0.22221714879538385
