,root,intermediate,edge
DR,1.0,0.167793897204513,-0.17562757294883197
FPR,-0.0197628458498023,0.043632768380101675,0.24734079667322578
F1,0.9698189134808852,0.27129309484555675,0.07943571808906655
