,root,intermediate,edge
DR,1.0,0.16947977001714637,-0.15221487453613353
FPR,-0.0197628458498023,0.04448593816392486,0.22100389827750383
F1,0.9698189134808852,0.2852573486559743,0.07333982767810765
