,root,intermediate,edge
DR,0.0,0.2307036247334755,-0.23181295346537206
FPR,-0.0,-0.11166036008651022,0.2532691372555385
F1,0.0,0.20181758419430204,-0.10112144979606583
