,root,intermediate,edge
DR,0.0,0.2,-0.14988524262199857
FPR,-0.0,-0.13747645951035783,0.1817551930324309
F1,0.0,0.14190620272314675,-0.05644099186660297
