,root,intermediate,edge
DR,1.0,0.023179389534214546,-0.41625764068499105
FPR,-0.1132075471698114,0.07162607333759818,0.3827991287969537
F1,0.93812375249501,0.164845288706406,-0.21771285548553979
