,root,intermediate,edge
DR,1.0,-0.023076923076923085,0.0925925925925926
FPR,0.0033222591362126,0.03839662447257384,0.08964059196617337
F1,1.0,0.16455526155311803,0.09523809523809525
