,root,intermediate,edge
DR,1.0,0.022761626241373713,-0.29126250406307885
FPR,-0.12066115702479341,0.06413209311481867,0.2829525361515204
F1,0.914351851851852,0.13985844761190552,-0.11883059594989595
