,root,intermediate,edge
DR,1.0,0.15957570473699506,0.061289965949352175
FPR,0.0010845986984815,0.01952893382641846,0.13250160509947978
F1,1.0,0.24264558022622537,0.23840171682032069
