,root,intermediate,edge
DR,1.0,0.3247930960413429,0.0891891891891892
FPR,0.0010845986984815,0.05207755204545632,0.08929773853385846
F1,1.0,0.42920684504835976,0.13858191991606925
