,root,intermediate,edge
DR,1.0,0.04798980518239935,-0.08485117343397537
FPR,-0.0256756756756757,0.16009745515909815,0.16470226337344962
F1,0.9629629629629628,0.25788843901879666,0.08476492445405898
