,root,intermediate,edge
DR,1.0,0.2879398319560044,-0.21821509305726364
FPR,-0.0153649167733675,0.05232396693359074,0.26795598338799076
F1,0.9711751662971176,0.40860353961025664,0.0748911624895079
