,root,intermediate,edge
DR,1.0,0.2821465469000466,-0.19121509305726364
FPR,-0.0153649167733675,0.050537057429576614,0.24652741195941932
F1,0.9711751662971176,0.4189300486674898,0.07514129413774381
