,root,intermediate,edge
DR,1.0,0.009457160384870978,-0.27652961334017256
FPR,-0.148936170212766,0.06873769942125121,0.28258634079908157
F1,0.8922018348623854,0.13237305964333174,-0.10146916288697416
