,root,intermediate,edge
DR,0.0,0.0,0.1
FPR,-0.0,-0.0,0.09895833333333334
F1,0.0,0.0,0.09411764705882351
