,root,intermediate,edge
DR,1.0,0.0,0.0975
FPR,-0.0,0.0024643590959380402,0.09947916666666666
F1,1.0,0.10020964360587001,0.09873417721518987
