,root,intermediate,edge
DR,1.0,0.14823883161512028,-0.024763774899263936
FPR,-0.0,0.02162725555338416,0.17625004662629873
F1,1.0,0.2586464757485091,0.33064218651897714
