,root,intermediate,edge
DR,1.0,0.25707216494845364,-0.004982284656803837
FPR,-0.0,0.02150648690230794,0.17265202342638367
F1,1.0,0.45515431557193275,0.3393586908948575
