,root,intermediate,edge
DR,1.0,0.21707216494845363,0.031242434444319754
FPR,-0.0,0.06292062831644936,0.13068336871239414
F1,1.0,0.5831416121181812,0.2650908134579134
