,root,intermediate,edge
DR,1.0,-0.05221674876847291,0.04541062801932367
FPR,0.0752351097178684,0.07003367003367003,0.04539249146757679
F1,0.914141414141414,-0.002970718100741743,0.06245847176079734
