,root,intermediate,edge
DR,1.0,-0.11411148561057818,0.04541062801932367
FPR,0.0752351097178684,0.13365271765271766,0.04539249146757679
F1,0.914141414141414,-0.0215219898534587,0.06245847176079734
