,root,intermediate,edge
DR,1.0,-0.18002956393200298,0.08095086555567232
FPR,-0.0,0.03676863276108844,0.0883323093991393
F1,1.0,0.029674163656488516,0.08356929956123857
