,root,intermediate,edge
DR,1.0,0.33997043606799704,0.07712418300653594
FPR,-0.0,0.04052695681823988,0.09272164590853413
F1,1.0,0.4622158173610787,0.12786764705882353
