,root,intermediate,edge
DR,0.0,0.28793103448275864,-0.12224931579067091
FPR,-0.0,-0.04599133895131086,0.19475874931163153
F1,0.0,0.27313912818947916,0.06513503704142999
