,root,intermediate,edge
DR,1.0,0.18394955300127713,-0.14771057040321706
FPR,-0.0226415094339622,0.037506429249397184,0.21588357784386747
F1,0.9579439252336448,0.29160665718308537,0.07267373597948738
