,root,intermediate,edge
DR,1.0,0.011973215354944711,-0.4161151183715076
FPR,-0.143389199255121,0.0727902984841,0.3822789429730096
F1,0.9213930348258706,0.15398076980829856,-0.21719376802572796
