,root,intermediate,edge
DR,1.0,0.29333333333333333,0.09699967173651385
FPR,-0.0,0.01525300978464092,0.12227079262914613
F1,1.0,0.5213394216133942,0.28596391002994304
