,root,intermediate,edge
DR,1.0,0.03675979721793319,-0.11721380646053818
FPR,-0.020242914979757,0.1664555887167401,0.16848409230714387
F1,0.9718574108818012,0.2797075189968802,0.05454482642657439
