,root,intermediate,edge
DR,1.0,-0.00851063829787233,0.1
FPR,0.0010764262648008,0.0285564383150952,0.09276381909547739
F1,1.0,0.1819577800476677,0.1
