,root,intermediate,edge
DR,1.0,-0.005940594059405923,0.1
FPR,0.0010764262648008,0.02919116478627044,0.09276381909547739
F1,1.0,0.16718508052258588,0.1
