,root,intermediate,edge
DR,1.0,-0.189283834074612,0.03543788187372709
FPR,0.007448789571694592,0.17881069168977043,0.03948919449901768
F1,0.9213930348258706,-0.07160572744466538,0.05233082706766917
