,root,intermediate,edge
DR,1.0,0.09740973312401884,-0.12116386008203739
FPR,-0.0166453265044814,0.0145391592983661,0.20000123065501435
F1,0.9711751662971176,0.16193233052567788,0.08790957438019832
