,root,intermediate,edge
DR,1.0,0.17232744214311033,-0.15383052674870407
FPR,-0.0166453265044814,0.03097409574893214,0.21628694494072861
F1,0.9711751662971176,0.2809101506961064,0.07425776466390524
