,root,intermediate,edge
DR,0.0,0.058566167393630165,-0.16047809447330982
FPR,-0.0,0.0559228981359392,0.16725396037067397
F1,0.0,0.11755292951579525,-0.06958860361357679
