,root,intermediate,edge
DR,1.0,0.0754231590898905,-0.11649154105287327
FPR,-0.0281879194630872,0.028169352767257443,0.20597063096715415
F1,0.96045197740113,0.13823687072168783,0.07634543497705107
