,root,intermediate,edge
DR,1.0,0.1440282382212854,-0.14547704829925007
FPR,-0.0281879194630872,0.044603237959736586,0.21909217792848015
F1,0.96045197740113,0.2594020470508013,0.06523896044852195
