,root,intermediate,edge
DR,1.0,0.739131455399061,0.08714098972922502
FPR,-0.0010405827263267,0.010794017808385178,0.14266135210338846
F1,0.9873417721518988,0.807063304099421,0.3838710408414377
