,root,intermediate,edge
DR,1.0,0.536081727349333,0.10852420968387352
FPR,-0.0010405827263267,0.0131694760899107,0.13674788798753246
F1,0.9873417721518988,0.589640269527482,0.36739415442442536
