,root,intermediate,edge
DR,1.0,0.06909433355994646,0.02283037805286048
FPR,-0.0,0.15372064627553828,0.06905521940063841
F1,0.9718574108818012,0.22647498216778655,0.07241083425115849
