,root,intermediate,edge
DR,1.0,0.23420112578259894,-0.2593736900703333
FPR,-0.0219478737997256,0.05648922146966626,0.28866834167370636
F1,0.971326164874552,0.3816082971410403,0.03333171310826961
