,root,intermediate,edge
DR,0.0,0.0,0.1
FPR,-0.0,-0.0,0.05775034293552812
F1,0.0,0.0,0.07787356321839081
