,root,intermediate,edge
DR,1.0,-0.02430555555555556,0.07453874538745388
FPR,0.0566037735849057,0.079332768970294,0.07023319615912207
F1,0.9579439252336448,0.05607645521931037,0.0854122621564482
