,root,intermediate,edge
DR,1.0,-0.07286403244368937,0.05540027605244998
FPR,0.047430830039525695,0.08484627472800141,0.08975167666262888
F1,0.9698189134808852,0.026134120642146243,0.09030694365354872
