,root,intermediate,edge
DR,1.0,-0.048408206579412826,0.07246376811594203
FPR,0.047430830039525695,0.0938531365205688,0.0680939226519337
F1,0.9698189134808852,0.05571997414689136,0.08403361344537816
