,root,intermediate,edge
DR,0.0,0.2,0.1
FPR,-0.0,0.017263157894736838,0.08555667001003009
F1,0.0,0.18867924528301888,0.1
