,root,intermediate,edge
DR,1.0,0.378494623655914,0.0975
FPR,-0.0,0.030973382481303317,0.08607750334336342
F1,1.0,0.4699412082184896,0.10461653015636636
