,root,intermediate,edge
DR,0.0,0.36190476190476184,0.07849991515357203
FPR,-0.0,0.016124023634015237,0.1057510223314442
F1,0.0,0.46961787878660904,0.22752569308293075
