,root,intermediate,edge
DR,1.0,0.35115207373271884,0.07599991515357203
FPR,-0.0,0.02983424822058172,0.10627185566477752
F1,1.0,0.6073406351975704,0.23214222323929712
