,root,intermediate,edge
DR,1.0,0.0903327535477998,-0.12587206104512644
FPR,-0.017687074829932002,0.026577725250524847,0.21333178656086255
F1,0.9742647058823528,0.15779864718055142,0.07373972900991306
