,root,intermediate,edge
DR,1.0,0.16578128389517222,-0.15669643380498313
FPR,-0.017687074829932002,0.04773899068262361,0.22969794467459348
F1,0.9742647058823528,0.28718954613666775,0.0649115619083414
