,root,intermediate,edge
DR,0.0,0.0610978520286396,0.01219008264462809
FPR,-0.0,0.06236491633983239,0.014728682170542632
F1,0.0,0.0919116426004564,0.02173112338858195
