,root,intermediate,edge
DR,1.0,-0.04756511604337692,0.0657992565055762
FPR,0.0589849108367627,0.1083114959995038,0.06525307797537619
F1,0.971326164874552,0.05891009678217125,0.07937219730941704
