,root,intermediate,edge
DR,1.0,0.06494337338981584,0.016215689215539224
FPR,-0.02088772845953,0.1558208400384117,0.06398537577656825
F1,0.9473684210526316,0.20795410339071468,0.06634017037563616
