,root,intermediate,edge
DR,1.0,0.3005369807497467,0.053078078078078086
FPR,-0.0,0.04771442714784556,0.12449585870771715
F1,1.0,0.5465744170526711,0.31300879412239935
