,root,intermediate,edge
DR,1.0,0.2963649222065064,0.053078078078078086
FPR,-0.0,0.05454661268481568,0.12449585870771715
F1,1.0,0.5467533248193355,0.31300879412239935
