,root,intermediate,edge
DR,1.0,0.37920997920997923,0.048528350734233075
FPR,-0.0,0.00417311762579632,0.11275920437710803
F1,1.0,0.39668295438497386,0.21832227613752883
