,root,intermediate,edge
DR,1.0,-0.14049663108525862,-0.03918653576437588
FPR,-0.08925619834710741,0.21685700189983698,0.055413176996091565
F1,0.914351851851852,0.02050893550780435,0.008870395604658087
