,root,intermediate,edge
DR,1.0,0.310453438831406,0.04286123936217644
FPR,-0.0010570824524312,0.0348846396152106,0.12701044001052478
F1,0.9908256880733946,0.534261934234348,0.2531784700730384
