,root,intermediate,edge
DR,1.0,0.360453438831406,0.039564536065473124
FPR,-0.0010570824524312,0.01215736688793788,0.13194362185329922
F1,0.9908256880733946,0.43639658119658115,0.27104785896849226
