,root,intermediate,edge
DR,1.0,0.5125507965835545,0.04979602792525923
FPR,-0.0,0.031233663094477542,0.1530284549273337
F1,1.0,0.6482651095088339,0.2947737069804933
