,root,intermediate,edge
DR,1.0,0.5228956241697614,0.04979602792525923
FPR,-0.0,0.01998100916666438,0.1530284549273337
F1,1.0,0.6199091517411114,0.2947737069804933
