,root,intermediate,edge
DR,1.0,0.022321097607012452,-0.29236916035590016
FPR,-0.1223140495867768,0.06402575780413898,0.2872339546995611
F1,0.914351851851852,0.13965037784068332,-0.11322237276786598
