,root,intermediate,edge
DR,1.0,0.22664306570042347,-0.26551395101525865
FPR,-0.020242914979757,0.04759914528283513,0.28653250933549235
F1,0.9718574108818012,0.3797075189968802,0.026843986558749457
