,root,intermediate,edge
DR,1.0,0.09121381081652227,-0.12694174143210074
FPR,-0.017687074829932002,0.026562109040188686,0.21026456028562887
F1,0.9742647058823528,0.1583708932463597,0.07141847870616624
