,root,intermediate,edge
DR,1.0,0.1666623411638947,-0.15525715361848066
FPR,-0.017687074829932002,0.04762585218147811,0.2266307183993598
F1,0.9742647058823528,0.28776179220247605,0.06369604977897589
