,root,intermediate,edge
DR,0.0,0.0,0.09793814432989692
FPR,-0.0,-0.0,0.08936877076411961
F1,0.0,0.0,0.07945818620386376
