,root,intermediate,edge
DR,1.0,0.3118452380952381,0.08175922846691054
FPR,-0.0,0.020592912317954425,0.09370754202409877
F1,1.0,0.3506074706538228,0.10526887895464751
