,root,intermediate,edge
DR,1.0,0.07845111309428836,-0.40767422941261805
FPR,-0.1323529411764706,0.03444672549860302,0.37925279427312375
F1,0.926829268292683,0.22529067028902058,-0.19682819486043335
