,root,intermediate,edge
DR,1.0,0.02929857072140698,-0.40767422941261805
FPR,-0.1323529411764706,0.07687096792284545,0.37925279427312375
F1,0.926829268292683,0.18441884236703548,-0.19682819486043335
