,root,intermediate,edge
DR,0.0,0.0,0.1
FPR,-0.0,-0.0,0.09624217118997913
F1,0.0,0.0,0.08235294117647059
