,root,intermediate,edge
DR,1.0,0.310453438831406,0.03914168018889404
FPR,-0.0010570824524312,0.0346709644015354,0.12694660898864812
F1,0.9908256880733946,0.534261934234348,0.24800006513183953
