,root,intermediate,edge
DR,1.0,0.360453438831406,0.03584497689219072
FPR,-0.0010570824524312,0.01194369167426268,0.1318797908314226
F1,0.9908256880733946,0.43639658119658115,0.2658694540272934
