,root,intermediate,edge
DR,1.0,-0.03249128919860629,0.08683350000793688
FPR,-0.0,0.0306869797281773,0.10310186782539969
F1,1.0,0.0951576068844514,0.12674436419708343
