,root,intermediate,edge
DR,1.0,0.3376586967840122,0.08334206390780513
FPR,-0.0,0.044136264011989515,0.0938140276034558
F1,1.0,0.454386734233761,0.12201609834974081
