,root,intermediate,edge
DR,1.0,0.3265656565656566,0.07249433106575963
FPR,-0.0010405827263267,0.040879143968952536,0.08808105315703324
F1,0.9873417721518988,0.4366300366300366,0.10040137354819115
