,root,intermediate,edge
DR,1.0,-0.110726239179197,-0.28625962103972863
FPR,-0.13051470588235298,0.18261600004857098,0.29054622344417574
F1,0.926829268292683,0.09286613044395285,-0.10040528290817537
