,root,intermediate,edge
DR,1.0,0.055742641955069616,-0.3895955881275805
FPR,-0.1190082644628099,0.06549456810013578,0.362799238781751
F1,0.914351851851852,0.191534098959598,-0.1773742551511269
