,root,intermediate,edge
DR,1.0,0.027828576391541772,-0.4592100941089437
FPR,-0.1537070524412296,0.078069468259843,0.43830639442960456
F1,0.91317671092952,0.17208244757082838,-0.2115896205127334
