,root,intermediate,edge
DR,1.0,0.03403989860011891,-0.4067348465841912
FPR,-0.1537070524412296,0.08355818834142045,0.3843670004902106
F1,0.91317671092952,0.1894160317750005,-0.19540597844156568
