,root,intermediate,edge
DR,0.0,0.1878374916747784,-0.07977341498595644
FPR,-0.0,0.07058830961269984,0.1408636244678308
F1,0.0,0.2639557750726766,0.0325944187559758
