,root,intermediate,edge
DR,1.0,-0.11612903225806452,0.038747824711279855
FPR,-0.0013774104683195003,0.10790987312507579,0.0643111933593488
F1,0.982078853046595,0.020956158701858896,0.07991357572285786
