,root,intermediate,edge
DR,1.0,0.04708935854653316,0.004639297579496909
FPR,-0.0013774104683195003,0.16986734178957602,0.06471550602781241
F1,0.982078853046595,0.2005571781319508,0.067959766531197
