,root,intermediate,edge
DR,1.0,0.38148936170212766,0.0739610220746123
FPR,-0.0,-0.00230849947534102,0.12805115192976718
F1,1.0,0.35666666666666663,0.32912301623265827
