,root,intermediate,edge
DR,1.0,0.356547293027175,0.0739610220746123
FPR,-0.0,0.01574490485522562,0.12805115192976718
F1,1.0,0.42170888110586596,0.32912301623265827
