,root,intermediate,edge
DR,1.0,0.3833333333333333,0.0871296296296296
FPR,-0.0,0.0012653868443342,0.10292508503614872
F1,1.0,0.3359584358764014,0.14784892137954184
