,root,intermediate,edge
DR,1.0,0.310453438831406,0.039720516486753545
FPR,-0.0010570824524312,0.03509831482888582,0.1258145182689982
F1,0.9908256880733946,0.534261934234348,0.22917355460278363
