,root,intermediate,edge
DR,1.0,0.360453438831406,0.036423813190050225
FPR,-0.0010570824524312,0.0123710421016131,0.1307477001117726
F1,0.9908256880733946,0.43639658119658115,0.24704294349823752
