,root,intermediate,edge
DR,1.0,0.2911426639621366,0.07473684210526316
FPR,-0.0,0.025302832066526205,0.09014449638759031
F1,1.0,0.3580630554823609,0.11923326182175739
