,root,intermediate,edge
DR,1.0,0.28757123539070806,0.07473684210526316
FPR,-0.0,0.033777408337712644,0.09014449638759031
F1,1.0,0.40577765971870433,0.11923326182175739
