,root,intermediate,edge
DR,0.0,0.2529627191177681,-0.34799241247966706
FPR,-0.0,-0.11274392547294285,0.3370767417348838
F1,0.0,0.24846729816601298,-0.18183548786676718
