,root,intermediate,edge
DR,1.0,-0.17243505800745543,0.03677884615384615
FPR,0.049360146252285214,0.16814739043984966,0.03270547945205479
F1,0.9114688128772636,-0.07009925316504353,0.053778558875219686
