,root,intermediate,edge
DR,1.0,0.0,0.1
FPR,0.0020576131687242,-0.0,0.09694501018329939
F1,1.0,0.0,0.1
