,root,intermediate,edge
DR,1.0,0.001236174365647358,0.1
FPR,0.0020576131687242,0.010706690904231661,0.09694501018329939
F1,1.0,0.07822339834080314,0.1
