,root,intermediate,edge
DR,1.0,0.23420112578259894,-0.26222792339686835
FPR,-0.0219478737997256,0.052350495665329566,0.2905889433952091
F1,0.971326164874552,0.3816082971410403,0.039445127099079005
