,root,intermediate,edge
DR,1.0,-0.05632444696539991,0.06745762711864407
FPR,0.035248041775457,0.09171069659033224,0.06893617021276596
F1,0.9473684210526316,0.051273212633016874,0.0805523263323775
