,root,intermediate,edge
DR,1.0,-0.15798653640755295,0.03729216152019002
FPR,0.053016453382084106,0.1788730416641592,0.03575129533678756
F1,0.9216683621566631,-0.04500632847653221,0.054325259515570934
