,root,intermediate,edge
DR,1.0,0.3418021978021978,0.06461223355796628
FPR,-0.0,-0.0106057374968266,0.1315636058031477
F1,1.0,0.3188087774294671,0.326587653180478
