,root,intermediate,edge
DR,1.0,0.3096010656010656,0.05622593900145896
FPR,-0.0,0.0098054256751651,0.13819688484571693
F1,1.0,0.39406589097300293,0.35322869865548584
