,root,intermediate,edge
DR,1.0,0.4920186480186481,0.04713502991054987
FPR,-0.0,0.008841257041651802,0.1385219119313074
F1,1.0,0.4786779699125421,0.35011155436187097
