,root,intermediate,edge
DR,0.0,0.5523809523809524,0.11871331677542436
FPR,-0.0,-0.006993190903240682,0.13210929817981976
F1,0.0,0.5140623232310535,0.34200845646217237
