,root,intermediate,edge
DR,1.0,0.5416282642089094,0.11621331677542437
FPR,-0.0,0.0067170336833258,0.1326301315131531
F1,1.0,0.6517850796420148,0.3466249866185387
