,root,intermediate,edge
DR,0.0,0.26996197718631176,-0.1337244493682483
FPR,-0.0,-0.050466092706219524,0.20477673893328346
F1,0.0,0.25977192105325814,0.07326985220805535
