,root,intermediate,edge
DR,1.0,0.011883564258177803,-0.021077749709290678
FPR,-0.016216216216216203,0.157226127029579,0.09122518715433545
F1,0.9629629629629628,0.1592417870895883,0.07104078764627576
