,root,intermediate,edge
DR,1.0,0.01231765909686373,0.008334014996591681
FPR,-0.016216216216216203,0.15759455148724252,0.06478223413420121
F1,0.9629629629629628,0.17170892342888813,0.06783620061940085
