,root,intermediate,edge
DR,0.0,0.28793103448275864,-0.10954643619215976
FPR,-0.0,-0.0411809456928839,0.19410185493988052
F1,0.0,0.27313912818947916,0.06292056647131625
