,root,intermediate,edge
DR,1.0,0.1846902937420179,-0.134638687114669
FPR,-0.0213836477987421,0.04203592363141966,0.21522668347211646
F1,0.9579439252336448,0.2919541683558392,0.07063498690114575
