,root,intermediate,edge
DR,1.0,0.10937759336099587,-0.10318938103982087
FPR,-0.0138888888888888,0.01726286766309802,0.18823392292665
F1,0.97423887587822,0.15632908075861093,0.07578750258292069
