,root,intermediate,edge
DR,1.0,0.19357642140706574,-0.13118938103982086
FPR,-0.0138888888888888,0.03654185984554088,0.20343392292665002
F1,0.97423887587822,0.29571552966613684,0.07105261323135073
