,root,intermediate,edge
DR,1.0,0.006020019291721879,-0.28676637809910405
FPR,-0.14647377938517178,0.08553623813884045,0.2909298592521762
F1,0.91317671092952,0.12803764431309822,-0.12372635879447533
