,root,intermediate,edge
DR,1.0,-0.09981623931623931,0.06785714285714287
FPR,0.0482758620689655,0.16193640831843079,0.06163101604278075
F1,0.9532062391681108,0.05870577522698992,0.08066145619086797
