,root,intermediate,edge
DR,1.0,-0.05953846153846154,0.06785714285714287
FPR,0.0482758620689655,0.11081281281281279,0.06163101604278075
F1,0.9532062391681108,0.04915457031930259,0.08066145619086797
