,root,intermediate,edge
DR,1.0,0.1783813530174352,-0.19835492168622332
FPR,-0.0232858990944373,0.029986437069720318,0.24676421402332122
F1,0.959830866807611,0.279551193144295,0.04444366234264642
