,root,intermediate,edge
DR,1.0,0.25879857109920723,-0.22504411087541248
FPR,-0.0232858990944373,0.045949408633401224,0.2611108049324121
F1,0.959830866807611,0.40164753296413525,0.037039574107240604
