,root,intermediate,edge
DR,1.0,0.739131455399061,0.10772922502334266
FPR,-0.0010405827263267,0.005627171737341038,0.14519493629280972
F1,0.9873417721518988,0.807063304099421,0.3897533937826142
