,root,intermediate,edge
DR,1.0,0.536081727349333,0.12911244497799118
FPR,-0.0010405827263267,0.008002630018866561,0.13928147217695372
F1,0.9873417721518988,0.589640269527482,0.3732765073656018
