,root,intermediate,edge
DR,1.0,0.05373649730594417,-0.3921987383480959
FPR,-0.1270903010033445,0.06888535132311513,0.3604752281333751
F1,0.912599318955732,0.2016959289098023,-0.18431793209831274
