,root,intermediate,edge
DR,1.0,0.36166666666666664,0.04698412698412698
FPR,-0.0010405827263267,0.03328643483706016,0.0961209363546942
F1,0.9873417721518988,0.476537849182226,0.11413564393144826
