,root,intermediate,edge
DR,1.0,0.3426884226884227,0.06938775510204083
FPR,-0.0,0.03545570755157536,0.0902074722388382
F1,0.9873417721518988,0.3836509198925306,0.09815823953308321
