,root,intermediate,edge
DR,1.0,0.2972499861612765,0.06431508028454372
FPR,0.0010845986984815,0.0844779338967001,0.12679910188415378
F1,1.0,0.5960580802218038,0.2550552959066662
