,root,intermediate,edge
DR,1.0,0.5077356659404345,0.0891891891891892
FPR,0.0010845986984815,0.07432408193081386,0.10424213977213051
F1,1.0,0.7050925453424872,0.18924858658273594
