,root,intermediate,edge
DR,1.0,0.3272775079226692,0.1
FPR,0.0010845986984815,0.05697465932329968,0.08782745294707651
F1,1.0,0.4138269481945371,0.14429620563035497
