,root,intermediate,edge
DR,0.0,0.3876543209876543,0.04135024977733028
FPR,-0.0,0.00022216157979245907,0.12639752348145122
F1,0.0,0.36964528152661086,0.2502361810682057
