,root,intermediate,edge
DR,1.0,0.15871575391034953,-0.20417100572421934
FPR,-0.027027027027027,0.033386717900820054,0.25705849623377425
F1,0.9629629629629628,0.24951344277425286,0.06847696073719996
