,root,intermediate,edge
DR,1.0,0.2307718183623967,-0.2300533586653958
FPR,-0.027027027027027,0.052799826592845114,0.27289742240827086
F1,0.9629629629629628,0.3762617218197655,0.06482422027148164
