,root,intermediate,edge
DR,1.0,0.3035465308825965,0.04250344205478801
FPR,-0.0,0.0201865817471566,0.14738906774062904
F1,1.0,0.4013046893083347,0.3308346508027467
