,root,intermediate,edge
DR,1.0,0.167793897204513,-0.17202288921244246
FPR,-0.0197628458498023,0.04518516165306416,0.24910631818526063
F1,0.9698189134808852,0.27129309484555675,0.07798307260039279
