,root,intermediate,edge
DR,1.0,0.16947977001714637,-0.14861019079974408
FPR,-0.0197628458498023,0.04603833143688734,0.22276941978953874
F1,0.9698189134808852,0.2852573486559743,0.07188718218943388
