,root,intermediate,edge
DR,0.0,0.36790123456790125,0.06550362080315998
FPR,-0.0,0.012880214214541436,0.10604074116823484
F1,0.0,0.37906553965482176,0.20658944533343998
