,root,intermediate,edge
DR,1.0,0.3837044061605465,0.07114063611759466
FPR,-0.0,0.037513551723170634,0.10699866734209704
F1,1.0,0.5755227447616343,0.21810183544714587
