,root,intermediate,edge
DR,1.0,-0.091172296338348,0.04835621662852783
FPR,0.013422818791946303,0.10041370867695201,0.092557663331144
F1,0.96045197740113,0.02938403428980705,0.08863155842666323
