,root,intermediate,edge
DR,1.0,-0.09190840233761188,0.07263157894736842
FPR,0.013422818791946303,0.10003763186326282,0.06797202797202798
F1,0.96045197740113,0.03991906640801448,0.08414634146341463
