,root,intermediate,edge
DR,1.0,0.27124279467302725,-0.258865696153892
FPR,-0.0372413793103448,0.01738230668355748,0.29874930356003926
F1,0.9532062391681108,0.37239319424783673,0.04353991244004622
