,root,intermediate,edge
DR,1.0,0.22054835022858282,-0.258865696153892
FPR,-0.0372413793103448,0.05446095836895074,0.29874930356003926
F1,0.9532062391681108,0.3669513246780366,0.04353991244004622
