,root,intermediate,edge
DR,1.0,0.16581297849070362,-0.1544411263345798
FPR,-0.0200286123032904,0.06059741905749512,0.228638875861397
F1,0.9772727272727272,0.30939570895201396,0.08500739951206908
