,root,intermediate,edge
DR,1.0,0.11266476543510429,-0.13448232657010667
FPR,-0.0359897172236503,0.09304192218380489,0.22044625671111845
F1,0.940677966101695,0.2872458823197963,0.09343657819366427
