,root,intermediate,edge
DR,1.0,0.1665109192812581,-0.13448232657010667
FPR,-0.0359897172236503,0.04458253843030346,0.22044625671111845
F1,0.940677966101695,0.2854547082693005,0.09343657819366427
