,root,intermediate,edge
DR,1.0,0.5052657301431666,0.07841667387507796
FPR,-0.0,0.01239692085252082,0.1506161688686763
F1,1.0,0.5976631742511673,0.31858304105021656
