,root,intermediate,edge
DR,1.0,0.2756521739130435,0.09018072289156626
FPR,-0.0,0.033661847025005895,0.11365843667936673
F1,1.0,0.5783788147365249,0.2777700178542012
