,root,intermediate,edge
DR,1.0,0.07262672811059907,-0.15175169130065852
FPR,-0.0137741046831955,0.019917032562388737,0.21575861363384763
F1,0.982078853046595,0.1493065757878463,0.07251489960296517
