,root,intermediate,edge
DR,1.0,0.15901972208979992,-0.18430983083554223
FPR,-0.0137741046831955,0.04912754588182809,0.23300928748829505
F1,0.982078853046595,0.28949237527276134,0.06122189855038922
