,root,intermediate,edge
DR,1.0,0.11266476543510429,-0.1434839463932395
FPR,-0.0359897172236503,0.09074430041780872,0.21758200929484678
F1,0.940677966101695,0.2872458823197963,0.08792856504103137
