,root,intermediate,edge
DR,1.0,0.1665109192812581,-0.1434839463932395
FPR,-0.0359897172236503,0.042284916664307295,0.21758200929484678
F1,0.940677966101695,0.2854547082693005,0.08792856504103137
