,root,intermediate,edge
DR,0.0,0.15496183206106867,0.04
FPR,-0.0,0.05780420614123496,0.04014492753623189
F1,0.0,0.16717591248742641,0.057011494252873565
