,root,intermediate,edge
DR,1.0,0.16420019870839545,0.05565512712261937
FPR,-0.0,0.02267950227005212,0.11357153045239492
F1,1.0,0.2697388252343017,0.2216525210690595
