,root,intermediate,edge
DR,1.0,0.3351597946679913,0.04831860399662256
FPR,-0.0,0.032951556016931935,0.11481940339624061
F1,1.0,0.48261913456072864,0.24650121369623781
