,root,intermediate,edge
DR,1.0,0.30526573014316655,0.0536288979837367
FPR,-0.0,0.04231495363940606,0.11649171843473638
F1,1.0,0.5569852081494723,0.20845223411269745
