,root,intermediate,edge
DR,1.0,0.0754231590898905,-0.11946917134254073
FPR,-0.0281879194630872,0.027372540018253465,0.20462026522075263
F1,0.96045197740113,0.13823687072168783,0.07217305957263145
