,root,intermediate,edge
DR,1.0,0.1440282382212854,-0.14881699742949722
FPR,-0.0281879194630872,0.043819184959768484,0.2177418121820786
F1,0.96045197740113,0.2594020470508013,0.06090472625664939
