,root,intermediate,edge
DR,0.0,0.3876543209876543,0.05763176238237231
FPR,-0.0,0.0012770139004675593,0.126203671838001
F1,0.0,0.36964528152661086,0.22129220844432473
