,root,intermediate,edge
DR,1.0,0.37920997920997923,0.0648098633392751
FPR,-0.0,0.00522796994647142,0.11320185524329626
F1,1.0,0.39668295438497386,0.1854013697295954
