,root,intermediate,edge
DR,1.0,-0.0035589756967088436,0.06017081440477719
FPR,-0.0,0.03857468925687028,0.11338566535174825
F1,1.0,0.19911765305548398,0.2018381110408046
