,root,intermediate,edge
DR,1.0,0.33644102430329115,0.0563441318556408
FPR,-0.0,0.040405818453208016,0.11870667887977662
F1,1.0,0.6070142763341106,0.24613645853838947
