,root,intermediate,edge
DR,1.0,0.050186067155029566,-0.2674414750358687
FPR,-0.1050156739811912,0.06064069264069266,0.27091878974046146
F1,0.914141414141414,0.1668510644476366,-0.08917067875701193
