,root,intermediate,edge
DR,1.0,0.38148936170212766,0.07441533111918505
FPR,-0.0,-0.00209285393065934,0.12917805646571434
F1,1.0,0.35666666666666663,0.32316423178703524
