,root,intermediate,edge
DR,1.0,0.356547293027175,0.07441533111918505
FPR,-0.0,0.016170413988574658,0.12917805646571434
F1,1.0,0.42170888110586596,0.32316423178703524
