,root,intermediate,edge
DR,1.0,0.2,0.08103227117564317
FPR,-0.0,-0.0006289308176100599,0.15214179466851102
F1,1.0,0.14959349593495935,0.440803130246044
