,root,intermediate,edge
DR,1.0,0.471304347826087,0.10121053318966926
FPR,-0.0,0.01857442348008384,0.13117346264820062
F1,1.0,0.6736169099746201,0.36725484159532645
