,root,intermediate,edge
DR,1.0,0.04373036038371787,-0.35169338289671526
FPR,-0.0971786833855799,0.059368233466594145,0.35106671459553757
F1,0.914141414141414,0.16604538947033898,-0.14091425610523833
