,root,intermediate,edge
DR,1.0,0.1498021978021978,0.06461223355796628
FPR,-0.0,0.01647118558009646,0.11952852564750534
F1,1.0,0.2669168855375752,0.266168666284169
