,root,intermediate,edge
DR,1.0,0.11760106560106558,0.07005572623550152
FPR,-0.0,0.03688234875208816,0.11037814023091339
F1,1.0,0.342173999081111,0.25635768617282284
