,root,intermediate,edge
DR,1.0,0.300018648018648,0.06096481714459242
FPR,-0.0,0.03591818011857486,0.11070316731650384
F1,1.0,0.42678607802065016,0.25324054187920797
