,root,intermediate,edge
DR,1.0,0.5005369807497467,0.055300300300300295
FPR,-0.0,0.010205887713574141,0.16316798419693768
F1,1.0,0.6643314263984655,0.4348970032098299
