,root,intermediate,edge
DR,1.0,0.49477762061920477,0.055300300300300295
FPR,-0.0,0.01703807325054426,0.16316798419693768
F1,1.0,0.6638493435546986,0.4348970032098299
