,root,intermediate,edge
DR,1.0,0.18467631842093818,0.1188734735506273
FPR,-0.0,0.023520176684555062,0.13448814550030536
F1,1.0,0.2379055318433628,0.31804165714384813
