,root,intermediate,edge
DR,1.0,0.5246763184209382,0.11504679100149091
FPR,-0.0,0.0253513058808928,0.13980915902833374
F1,1.0,0.6458021551219894,0.3623400046414331
