,root,intermediate,edge
DR,1.0,0.15384615384615388,-0.01006110540032601
FPR,-0.0,0.01856540084388186,0.13242612918661062
F1,1.0,0.26051525355581245,0.22454886537833296
