,root,intermediate,edge
DR,1.0,0.32606837606837613,-0.022176276360464754
FPR,-0.0,0.0187728697235499,0.14124181205392758
F1,1.0,0.44558988042148406,0.2687468068029376
