,root,intermediate,edge
DR,1.0,0.0903327535477998,-0.13113537819081938
FPR,-0.019047619047619,0.02519036692770584,0.21306508803425625
F1,0.9742647058823528,0.15798421840474924,0.07449757887015893
