,root,intermediate,edge
DR,1.0,0.16578128389517222,-0.16160132801160793
FPR,-0.019047619047619,0.04633770060397469,0.22943124614798718
F1,0.9742647058823528,0.2873751173608656,0.06582452099989776
