,root,intermediate,edge
DR,1.0,-0.16032045429462935,0.038362068965517235
FPR,0.03177257525083618,0.14739996474528466,0.04608208955223881
F1,0.912599318955732,-0.05217807114507258,0.055451713395638626
