,root,intermediate,edge
DR,1.0,-0.08133786069993723,0.06932907348242812
FPR,0.037275064267352206,0.12886041048369407,0.0692867540029112
F1,0.940677966101695,0.05892951363716834,0.08188679245283019
