,root,intermediate,edge
DR,1.0,-0.04077842014049664,0.06932907348242812
FPR,0.037275064267352206,0.0910452844332739,0.0692867540029112
F1,0.940677966101695,0.0567634112523836,0.08188679245283019
