,root,intermediate,edge
DR,1.0,0.24231709848382993,-0.2663816461738217
FPR,-0.0281879194630872,0.057575444503059924,0.30983704921807825
F1,0.96045197740113,0.38819145486640794,0.04298744129357881
