,root,intermediate,edge
DR,1.0,0.22914080109700619,-0.23812077660860434
FPR,-0.0281879194630872,0.05418840269977163,0.28248898291973573
F1,0.96045197740113,0.3915698829231685,0.038717103006747355
