,root,intermediate,edge
DR,1.0,0.005358097203481749,-0.059613836768749054
FPR,-0.0245795601552393,0.1412351360636089,0.14147408690746796
F1,0.959830866807611,0.18282378407996358,0.07054467578415145
