,root,intermediate,edge
DR,1.0,0.08577531528525373,-0.08292464757955986
FPR,-0.0245795601552393,0.1568568155023417,0.1558206778165589
F1,0.959830866807611,0.30492012389980383,0.06468629971289422
