,root,intermediate,edge
DR,1.0,0.37333333333333335,0.031832983193277306
FPR,-0.0,-0.00899904323659392,0.13262198012360668
F1,1.0,0.33402889245585876,0.3603452969518812
