,root,intermediate,edge
DR,1.0,0.3411322011322011,0.026638177998472113
FPR,-0.0,0.01141211993539778,0.1379307558549176
F1,1.0,0.4092860059993946,0.38101285199979035
