,root,intermediate,edge
DR,1.0,0.35212121212121217,0.031832983193277306
FPR,-0.0,0.0114829595168484,0.13262198012360668
F1,1.0,0.4486401598401598,0.3603452969518812
