,root,intermediate,edge
DR,1.0,0.07514220420834769,-0.16432021736190333
FPR,-0.0372413793103448,0.11611468772142927,0.2380306302482334
F1,0.9532062391681108,0.272042612108568,0.07217265193027465
