,root,intermediate,edge
DR,1.0,0.13139220420834768,-0.16432021736190333
FPR,-0.0372413793103448,0.054036036036036,0.2380306302482334
F1,0.9532062391681108,0.26427328124081917,0.07217265193027465
