,root,intermediate,edge
DR,1.0,0.2909175084175084,0.07358193277310923
FPR,-0.0,0.06669409157069203,0.08556519388157231
F1,1.0,0.41063595650279183,0.15917032175275841
