,root,intermediate,edge
DR,0.0,0.0,0.1
FPR,-0.0,-0.0,0.013414634146341458
F1,0.0,0.0,0.08266883645240033
