,root,intermediate,edge
DR,1.0,-0.09212462482916821,-0.028643317230273767
FPR,-0.06739811912225699,0.207780863719535,0.05611510359082824
F1,0.914141414141414,0.05676670501796216,0.01840391926533123
