,root,intermediate,edge
DR,1.0,0.06815043181716322,-0.1233283471257528
FPR,-0.0268456375838926,0.17413091815390458,0.19390031231987484
F1,0.96045197740113,0.29727052299776635,0.0726038016882617
