,root,intermediate,edge
DR,1.0,0.05593107222938256,-0.09542979640111512
FPR,-0.0268456375838926,0.17100948060028426,0.1665522460215323
F1,0.96045197740113,0.30121138813822246,0.06817389639169917
