,root,intermediate,edge
DR,1.0,0.33997043606799704,0.0440992445709427
FPR,-0.0,0.012639415165243958,0.12742844949456686
F1,1.0,0.42752571324925837,0.2791318444655446
