,root,intermediate,edge
DR,1.0,-0.2841193820353259,-0.22309732897051374
FPR,-0.1015625,0.36217623932488985,0.21345710351059824
F1,0.9475728155339804,0.00010789329513286595,-0.0979518036090816
