,root,intermediate,edge
DR,1.0,-0.17684287475881855,-0.22309732897051374
FPR,-0.1015625,0.253505719093676,0.21345710351059824
F1,0.9475728155339804,0.032295162495546904,-0.0979518036090816
