,root,intermediate,edge
DR,1.0,0.07976992645597299,-0.11479766903375192
FPR,-0.0372413793103448,0.1399041020790014,0.17574560461297398
F1,0.9532062391681108,0.2721903544912444,0.07144294804785888
