,root,intermediate,edge
DR,1.0,0.029075482011528563,-0.11479766903375192
FPR,-0.0372413793103448,0.17614005713518116,0.17574560461297398
F1,0.9532062391681108,0.26674848492144426,0.07144294804785888
