,root,intermediate,edge
DR,1.0,0.16859580769556692,-0.14456412683927578
FPR,-0.020242914979757,0.051439677118265636,0.2217731673431481
F1,0.9718574108818012,0.29021612157365084,0.08387283475856126
