,root,intermediate,edge
DR,1.0,0.04944521934824757,0.013726608854404377
FPR,-0.015424164524421597,0.1252802003810872,0.06146269451822506
F1,0.940677966101695,0.17833485018132963,0.06054835776361016
