,root,intermediate,edge
DR,1.0,0.09000465990768816,0.013726608854404377
FPR,-0.015424164524421597,0.16309532643150737,0.06146269451822506
F1,0.940677966101695,0.22395158698726386,0.06054835776361016
