,root,intermediate,edge
DR,1.0,-0.013698630136986311,0.09032258064516127
FPR,0.0021299254526092005,0.011650485436893199,0.0936052921719956
F1,0.9838709677419356,0.04402132520944406,0.09491525423728814
