,root,intermediate,edge
DR,1.0,-0.023000955718381677,0.09032258064516127
FPR,0.0021299254526092005,0.02368549637781222,0.0936052921719956
F1,0.9838709677419356,0.08668366287178172,0.09491525423728814
