,root,intermediate,edge
DR,0.0,0.5679012345679013,0.09103357472021067
FPR,-0.0,-0.007794432140191962,0.13060309359250774
F1,0.0,0.4859962327241287,0.3267704657450374
