,root,intermediate,edge
DR,1.0,0.5540747765309169,0.08984043861924047
FPR,-0.0,0.0141903382855523,0.13282284941936678
F1,1.0,0.6703681055863766,0.3349048824392994
