,root,intermediate,edge
DR,1.0,0.34212305611899935,0.0439959088643299
FPR,-0.0,-0.0006616086471599198,0.12743653987572442
F1,1.0,0.39250014157507607,0.23073605362052999
