,root,intermediate,edge
DR,1.0,0.3385516275475708,0.0439959088643299
FPR,-0.0,0.007812967624026518,0.12743653987572442
F1,1.0,0.4402147458114195,0.23073605362052999
