,root,intermediate,edge
DR,1.0,0.2818630314832847,0.04475204868829598
FPR,-0.0,0.058081474456768235,0.1238970320062229
F1,1.0,0.5257374429706647,0.22176976777670987
