,root,intermediate,edge
DR,1.0,0.14289643688690407,-0.2060838198751052
FPR,-0.027027027027027,0.04266673820639303,0.25852317923163526
F1,0.9629629629629628,0.25331532732915407,0.056296564145932315
