,root,intermediate,edge
DR,1.0,0.13771672898122772,-0.17627989830647772
FPR,-0.027027027027027,0.04144365072771704,0.23114062889606474
F1,0.9629629629629628,0.26236716033960833,0.05273956860524113
