,root,intermediate,edge
DR,1.0,-0.04692071978843283,0.011197691197691189
FPR,-0.0220689655172414,0.2304741033168,0.0678817997418403
F1,0.9532062391681108,0.19822558718646296,0.06916522822007369
