,root,intermediate,edge
DR,1.0,0.007245946878233845,0.011197691197691189
FPR,-0.0220689655172414,0.17064264264264267,0.0678817997418403
F1,0.9532062391681108,0.19062801851932965,0.06916522822007369
