,root,intermediate,edge
DR,1.0,0.310453438831406,0.07783714381652529
FPR,-0.0010570824524312,0.0481470819821306,0.09684401436494847
F1,0.9908256880733946,0.5587653757289399,0.16939881426268794
