,root,intermediate,edge
DR,1.0,0.28545343883140595,0.08223274821212964
FPR,-0.0010570824524312,0.03840015285822154,0.0911388983353825
F1,0.9908256880733946,0.4042695970695971,0.11111553140241663
