,root,intermediate,edge
DR,1.0,0.27124279467302725,-0.2598478390110349
FPR,-0.0372413793103448,0.01846047379946044,0.2973290101953399
F1,0.9532062391681108,0.37239319424783673,0.0392724201799843
