,root,intermediate,edge
DR,1.0,0.22054835022858282,-0.2598478390110349
FPR,-0.0372413793103448,0.0555391254848537,0.2973290101953399
F1,0.9532062391681108,0.3669513246780366,0.0392724201799843
