,root,intermediate,edge
DR,0.0,0.26996197718631176,-0.11481941582342295
FPR,-0.0,-0.04523921022402071,0.2000345059442062
F1,0.0,0.25977192105325814,0.08232048210532136
