,root,intermediate,edge
DR,1.0,0.06116716528558561,-0.10466648437913036
FPR,-0.0339425587467362,0.16030785093246527,0.1634719999891511
F1,0.9473684210526316,0.30199390161553036,0.06769876802439756
