,root,intermediate,edge
DR,1.0,-0.068892766746844,0.06852459016393443
FPR,0.0323886639676114,0.10258119937088535,0.06877697841726618
F1,0.9718574108818012,0.053719899517313416,0.08132295719844358
