,root,intermediate,edge
DR,1.0,0.051028172418187454,-0.2656273940884925
FPR,-0.1018808777429467,0.06132613881165842,0.26395555751353816
F1,0.914141414141414,0.1672547472858117,-0.0947065191111245
