,root,intermediate,edge
DR,1.0,-0.15182672233820457,0.04181818181818181
FPR,0.024549918166939494,0.1475795174115712,0.04
F1,0.8922018348623854,-0.05132414046328628,0.05897435897435897
