,root,intermediate,edge
DR,1.0,0.021625916961487412,-0.1261827553528921
FPR,-0.0269121813031161,0.18145369205791204,0.17329386348564385
F1,0.9686985172981878,0.272083574680965,0.04493858847966066
