,root,intermediate,edge
DR,1.0,0.16859580769556692,-0.15182660576521054
FPR,-0.020242914979757,0.04915715844303832,0.22017199308473448
F1,0.9718574108818012,0.29021612157365084,0.08999168944220345
