,root,intermediate,edge
DR,1.0,0.16767435463087638,-0.17507538215606144
FPR,-0.0219478737997256,0.054745090740278016,0.23821172063935428
F1,0.971326164874552,0.29319447931091264,0.0578455044554403
