,root,intermediate,edge
DR,1.0,-0.11184697198190337,0.046138356899946296
FPR,-0.011642949547218602,0.08877233128226378,0.06908374576712686
F1,0.959830866807611,0.016702548444932398,0.07500456374852862
