,root,intermediate,edge
DR,1.0,0.04433816418860583,0.019449167710757102
FPR,-0.011642949547218602,0.1320742094444937,0.06652692758530868
F1,0.959830866807611,0.17819396429519146,0.06760047551312282
