,root,intermediate,edge
DR,1.0,0.5125507965835545,0.061462694591925895
FPR,-0.0,0.03276539175968542,0.15377313577839752
F1,1.0,0.6482651095088339,0.2989528114581053
