,root,intermediate,edge
DR,1.0,0.5228956241697614,0.061462694591925895
FPR,-0.0,0.02151273783187226,0.15377313577839752
F1,1.0,0.6199091517411114,0.2989528114581053
