,root,intermediate,edge
DR,1.0,0.3515656565656566,0.0179375270707534
FPR,-0.0010405827263267,0.00781968753395378,0.13373039272432863
F1,0.9873417721518988,0.44615384615384607,0.25059111126120404
