,root,intermediate,edge
DR,1.0,0.1774511204592957,-0.2026080694411312
FPR,-0.0245795601552393,0.023813663458127344,0.24783134882489585
F1,0.959830866807611,0.27913614850512625,0.04899211251216101
