,root,intermediate,edge
DR,1.0,0.25786833854106767,-0.2292972586303204
FPR,-0.0245795601552393,0.03977663502180824,0.2621779397339868
F1,0.959830866807611,0.4012324883249665,0.041588024276755196
