,root,intermediate,edge
DR,1.0,-0.1511397788406496,-0.03628996771151814
FPR,-0.09375000000000008,0.23702051215967837,0.06454411917444396
F1,0.926829268292683,0.02020089818268963,0.014182079943945153
