,root,intermediate,edge
DR,1.0,0.008205730185644078,0.05940355097766721
FPR,-0.0,0.03877670945889048,0.1134793802941512
F1,1.0,0.20132016598970423,0.17634791496237318
