,root,intermediate,edge
DR,1.0,0.3482057301856441,0.05557686842853082
FPR,-0.0,0.04060783865522822,0.11880039382217955
F1,1.0,0.6092167892683309,0.2206462624599581
