,root,intermediate,edge
DR,1.0,0.24169442354212958,-0.22956712723543618
FPR,-0.0200286123032904,0.04777660580731928,0.2862943428061199
F1,0.9772727272727272,0.39780118500786915,0.07323722550529331
