,root,intermediate,edge
DR,1.0,0.2201890471980435,-0.22956712723543618
FPR,-0.0200286123032904,0.06358797890024576,0.2862943428061199
F1,0.9772727272727272,0.39255374124508796,0.07323722550529331
