,root,intermediate,edge
DR,1.0,0.15136961555199974,-0.14788429787688054
FPR,-0.0186104218362282,0.07321167867865473,0.21782798528132283
F1,0.9627791563275434,0.2937755010063038,0.09292881051912613
