,root,intermediate,edge
DR,1.0,0.19455898432276383,-0.14788429787688054
FPR,-0.0186104218362282,0.032009961940457306,0.21782798528132283
F1,0.9627791563275434,0.2916034569943231,0.09292881051912613
