,root,intermediate,edge
DR,1.0,0.09740973312401884,-0.11891424784431344
FPR,-0.0166453265044814,0.016238876012247123,0.19521280731450538
F1,0.9711751662971176,0.16193233052567788,0.07809252715653302
