,root,intermediate,edge
DR,1.0,0.17232744214311033,-0.15258091451098008
FPR,-0.0166453265044814,0.03275738729484946,0.21149852160021965
F1,0.9711751662971176,0.2809101506961064,0.06397860645181316
