,root,intermediate,edge
DR,1.0,0.29096880131362896,0.08729463307776561
FPR,-0.0,0.046885750509876825,0.09126037096107546
F1,1.0,0.44195413907904096,0.12423093777388257
