,root,intermediate,edge
DR,1.0,0.4793313859136645,0.053993352166904526
FPR,-0.0,0.0283355923212541,0.158146894121795
F1,1.0,0.6180451352783571,0.36158120553869116
