{"scfs": [0.6937935533910533, 0.3520247349872351, 0.17514384129759136, 0.04309039920906409, -0.06577327509092215, -0.2382305025293764, -0.2950864586123372, -0.31065945864635874, -0.21056716575349307], "clink": [0.6318882936507937, 0.3263969297369298, 0.16222939633079342, 0.04096248441960518, -0.07049732197884674, -0.24299586181104765, -0.27092661064511686, -0.2839878253454492, -0.1431671804926838], "map": [0.6888178210678211, 0.3520247349872351, 0.17514384129759136, 0.04309039920906409, -0.07826978988933321, 0.10164799437960648, 0.11561588026427722, 0.16046868370660985, 0.36517105510648395]}