{"scfs": [0.6987311904761905, 0.5001163511488511, 0.3605588417138417, 0.2679759507159507, 0.2038895299145299, 0.03177587095910626, 0.008258450440168713, -0.04916468530394613, -0.09554340033332681], "clink": [0.6881155735930736, 0.4934349836438072, 0.36993484389793213, 0.23679522867655223, 0.17890182138939495, 0.04044218774431624, 0.027206675735703706, 0.0005370639744672352, -0.009690121932572291], "map": [0.6987311904761905, 0.5029619203019203, 0.3741047877122877, 0.257261404012654, 0.20318347548693141, 0.1539151370847075, 0.13197749867112146, 0.14723134420720174, 0.11783381504695406]}