,root,intermediate,edge
DR,1.0,0.5104534388314059,0.020470900886972287
FPR,-0.0010570824524312,0.020302538465945298,0.14469554493416587
F1,0.9908256880733946,0.6323285941197445,0.2922281008492546
