,root,intermediate,edge
DR,1.0,0.5110631949289669,0.07884303722521029
FPR,-0.0010570824524312,0.024319947193965318,0.13847626484207248
F1,0.9908256880733946,0.599096906306545,0.2934728367211831
