,root,intermediate,edge
DR,1.0,0.047157982122115596,0.008705252592840412
FPR,-0.0026990553306341994,0.16244817528880717,0.06349230549335365
F1,0.9718574108818012,0.20150053280490687,0.05882097134161901
