,root,intermediate,edge
DR,1.0,0.2836582491582492,-0.010784009255876281
FPR,-0.0,0.06584453914082831,0.15277577459248748
F1,1.0,0.5655179761018359,0.26438053186100874
