,root,intermediate,edge
DR,1.0,-0.06025976559325066,0.050227001194743125
FPR,0.0394557823129252,0.1050569902948802,0.0934687363441187
F1,0.9742647058823528,0.05311356932714244,0.08840983888960666
