,root,intermediate,edge
DR,1.0,-0.05476606410451164,0.06814814814814815
FPR,0.0394557823129252,0.10615331231134109,0.06767123287671233
F1,0.9742647058823528,0.06901504680269174,0.08105726872246696
