,root,intermediate,edge
DR,1.0,0.03236485423004816,-0.018870012829802052
FPR,-0.006887052341597801,0.1527767196534336,0.09607774088934076
F1,0.982078853046595,0.1698867770950061,0.07868228453063522
