,root,intermediate,edge
DR,1.0,0.03674361722950081,0.012137739108182444
FPR,-0.006887052341597801,0.154805106801187,0.0692583338812545
F1,0.982078853046595,0.19006048402337952,0.07700797844456443
