,root,intermediate,edge
DR,1.0,-0.016314976839938232,0.0951219512195122
FPR,0.0010593220338983,0.03405408250436598,0.09422657952069716
F1,1.0,0.14490910203192164,0.0975
