,root,intermediate,edge
DR,1.0,-0.005970149253731361,0.0951219512195122
FPR,0.0010593220338983,0.023013742801605903,0.09422657952069716
F1,1.0,0.11703031415313377,0.0975
