,root,intermediate,edge
DR,1.0,0.002153609039720583,0.013693154782135796
FPR,-0.0269922879177378,0.197281806112016,0.06725290407283728
F1,0.940677966101695,0.2205628802926646,0.06199617265749202
