,root,intermediate,edge
DR,1.0,0.05390186078797236,0.013693154782135796
FPR,-0.0269922879177378,0.14994287053778632,0.06725290407283728
F1,0.940677966101695,0.21842795466936687,0.06199617265749202
