,root,intermediate,edge
DR,0.99609375,0.07023517237181177,0.02756955097640863
FPR,-0.0,0.15126048476497772,0.0706597378670912
F1,0.9826589595375722,0.2269324642043434,0.089997150997151
