{"scfs": {"(0.0, 0.1)": [0.6079936868686859, 0.7139610317460339, 0.6341502525252537, 0.6855641269841283, 0.7453884704184728, 0.6563328354978363, 0.726629682539685, 0.7078670634920659, 0.7548132539682562, 0.6471078932178941, 0.6457203246753253, 0.6494295598845603, 0.7119942063492082, 0.7017789754689773, 0.6804419841269858, 0.7011497619047625, 0.6720409523809531, 0.6974682539682547, 0.7277363492063507, 0.6749639682539688], "(0.1, 0.2)": [0.36158779498749843, 0.40684828492296243, 0.37562717917272626, 0.3978102593048713, 0.4140091536075798, 0.3827287470077093, 0.4064467259232536, 0.40145986375231907, 0.4208530577200578, 0.3802668965047299, 0.38086641512191516, 0.3801322065835399, 0.4034655921115921, 0.40080680383197054, 0.3913279971139973, 0.39629221276254617, 0.3875437225428894, 0.3977708330928331, 0.40864003447170116, 0.3894723780663781], "(0.2, 0.3)": [0.26430044544200354, 0.2883104723665223, 0.2723775679135922, 0.2840906421095007, 0.2917798373322992, 0.27705523775540064, 0.2883339694476274, 0.2856365522767862, 0.2961762697210197, 0.27451533414502144, 0.27491156436387676, 0.27421138744588724, 0.28689600447931685, 0.2857255700156325, 0.2792123631253005, 0.2810090985449734, 0.27780477119408353, 0.28288133492664724, 0.2892212917869167, 0.279713454695767], "(0.3, 0.4)": [0.21022064398303295, 0.22554082108225093, 0.21587021847208984, 0.22319077851496316, 0.22656540791392007, 0.21768571417592053, 0.22527850304353564, 0.2235988413182026, 0.2298294592180305, 0.21648763287638273, 0.2164348085472727, 0.21592737421837407, 0.22414306161959718, 0.2233594923542065, 0.21817974426235126, 0.2189798809695594, 0.2179795505394075, 0.22116647512540358, 0.22532340422936842, 0.21996499871557], "(0.4, 0.5)": [0.1749096228427929, 0.184980739204669, 0.17892917724228383, 0.1838927658013963, 0.18561473776631865, 0.18000497412181912, 0.18511888008233596, 0.18392520548671626, 0.18803417870599418, 0.1790459106226666, 0.17868489526787143, 0.17832249284225474, 0.18421799312570142, 0.18353406509826153, 0.17923894440436106, 0.17971745331718544, 0.17964639889541675, 0.1816378410236148, 0.18480697354783662, 0.18169482526512287], "(0.6, 0.7)": [0.13064287128323065, 0.1353417767631674, 0.1326310481086374, 0.13552075497320137, 0.13592693202432488, 0.13293345871985157, 0.1362047418315811, 0.1351401224747475, 0.13734215109427608, 0.13261996717171717, 0.1319857060185185, 0.13161255242905243, 0.1352445664081289, 0.1345520738035113, 0.13159598578042325, 0.131836853505291, 0.13234137334656082, 0.13337901536195287, 0.13524028517316017, 0.13432060446729197], "(0.7, 0.8)": [0.11736361828367711, 0.12019934555640438, 0.1189123494838495, 0.12064259607059608, 0.12096779120879123, 0.11839751515151516, 0.12134231340881342, 0.12032452108385444, 0.12210416658649993, 0.11863576366843034, 0.11782665921115922, 0.11750348212281546, 0.12054983044733045, 0.11970052356902357, 0.11724666979316979, 0.11724706790123458, 0.1180325025653359, 0.11869143610710277, 0.12022305788039121, 0.11981202990219657], "(0.8, 0.9)": [0.10559656587301587, 0.1081594458874459, 0.10675803006253005, 0.10832110461760462, 0.108528639009139, 0.10639721572871573, 0.10855368398268399, 0.10768566161616164, 0.10941220238095241, 0.10653330699855701, 0.10579719949494949, 0.10564497474747477, 0.10811646428571428, 0.10722389971139971, 0.10528406060606063, 0.10526207106782108, 0.10587626839826841, 0.10644180086580088, 0.10778364285714286, 0.10763346284271286], "(0.9, 1.0)": [0.09633190476190477, 0.09777070847851335, 0.0968486224489796, 0.09792676870748299, 0.0980670634920635, 0.09654960317460316, 0.0982970634920635, 0.09753571428571428, 0.09885666666666665, 0.09668619047619048, 0.09641761904761906, 0.0958804761904762, 0.09800023809523811, 0.09725059523809523, 0.09542952380952383, 0.09530833333333336, 0.09617666666666666, 0.095955, 0.09748666666666667, 0.09773515873015874]}, "clink": {"(0.0, 0.1)": [0.5144224805194778, 0.6116653928571435, 0.5507020721500706, 0.6226388474025972, 0.6728081886724397, 0.5467013077200563, 0.6386936349761357, 0.5968501843434343, 0.7168880566378084, 0.57334557070707, 0.537499120851369, 0.5707543120490608, 0.6191331973304471, 0.6493075108225116, 0.5959446865079367, 0.5974697139249636, 0.5591432857142844, 0.6793805198412701, 0.675565543650794, 0.5943582702020197], "(0.1, 0.2)": [0.3125766057341906, 0.3586823856654099, 0.3362211390061262, 0.3682579659899488, 0.37992534433999314, 0.3327649536155669, 0.3586133309951365, 0.352037295982787, 0.40122080904280905, 0.3413430658168992, 0.3288010695230695, 0.34224571973705314, 0.3569887527657527, 0.3766218229979897, 0.35218375661375667, 0.35364622326438994, 0.3276714533429534, 0.3915584531024532, 0.383688588343755, 0.353898812983313], "(0.2, 0.3)": [0.2294661865839784, 0.2545229343915341, 0.24500731642178888, 0.2629596156440175, 0.2675022791446868, 0.23934982877428496, 0.2548089089954161, 0.24903974967970482, 0.2825409019961519, 0.24657667297979766, 0.2373938674751172, 0.24704563350769576, 0.2524588286135159, 0.268154807118807, 0.25095712487974964, 0.24965550793650768, 0.23658106589706562, 0.27909135542929275, 0.27074090605459344, 0.253657010732323], "(0.3, 0.4)": [0.18356137834275932, 0.19967520663780652, 0.19514443424982145, 0.20684444395821555, 0.2080184613647097, 0.18838718006148428, 0.1995722455685992, 0.194665173964019, 0.21965404784236917, 0.1950604819796605, 0.18797113468277749, 0.1950459333814333, 0.1971357819323533, 0.209904682529111, 0.1962968268913625, 0.19469714618978895, 0.18684589230742799, 0.21857122643097635, 0.21092296973132674, 0.19948748586070006], "(0.4, 0.5)": [0.15363301434342666, 0.16421369998912808, 0.16228975275847515, 0.17066088089402423, 0.17066030440964267, 0.15619692331858379, 0.16435003880412888, 0.16025273259050238, 0.1800722530005268, 0.16179554413179412, 0.1558525690953667, 0.16154503779289492, 0.16218978521038044, 0.17273806089523353, 0.16171116423589638, 0.15991076834100643, 0.15470669529764763, 0.17978007395382392, 0.17311440660860306, 0.1647383739463799], "(0.6, 0.7)": [0.11589183264305138, 0.12053818774801588, 0.12101708013811585, 0.12622672899917542, 0.12523990736446092, 0.11604178726035867, 0.12153011129743273, 0.1183285590358715, 0.13177092225829726, 0.12037966426166427, 0.11608340355940357, 0.11980554632635881, 0.1196633194143819, 0.1269477650012025, 0.11921040975228474, 0.11758535720298219, 0.11474665572390573, 0.13221014565295816, 0.12697727014189517, 0.12185449612193362], "(0.7, 0.8)": [0.10473370830150242, 0.1071954277226042, 0.10885404667554667, 0.11248030341880341, 0.11162220512820512, 0.10373586191586194, 0.108393369019869, 0.10566146673080005, 0.11706551843835178, 0.10770411552028217, 0.10380681353214687, 0.10721427657527657, 0.10682837894821229, 0.11316650953984289, 0.10648224555074555, 0.10466713139329806, 0.10240450905884238, 0.117694088664422, 0.1131767845117845, 0.10891538744588745], "(0.8, 0.9)": [0.09433356717171718, 0.09672588556998557, 0.09726885149110148, 0.10103595875420877, 0.10036609535834536, 0.09344864033189033, 0.09746888311688312, 0.09552264502164504, 0.10518041666666665, 0.09727839826839826, 0.09313302489177488, 0.09613102200577199, 0.09628333152958152, 0.10152535101010102, 0.09626598665223667, 0.09442739682539684, 0.09228183116883117, 0.10547824927849928, 0.10167679761904763, 0.09787558838383838], "(0.9, 1.0)": [0.08615337301587302, 0.08752119337979093, 0.088840731292517, 0.09141348639455783, 0.0907350113378685, 0.08480116213151928, 0.08868112691541263, 0.08645277777777778, 0.0955842857142857, 0.08791071428571429, 0.08439119047619047, 0.08763143939393939, 0.08709583333333334, 0.09219742424242423, 0.08648571428571428, 0.08605166666666668, 0.08375857142857143, 0.0952911111111111, 0.09223309523809523, 0.08889326839826839]},