,root,intermediate,edge
DR,1.0,0.1088922129083854,-0.09727229260800782
FPR,-0.0153649167733675,0.14600771049267966,0.17827478567547042
F1,0.9711751662971176,0.3168962225370858,0.09146818305400436
