,root,intermediate,edge
DR,1.0,0.10309892785242754,-0.07027229260800782
FPR,-0.0153649167733675,0.14422080098866555,0.15684621424689899
F1,0.9711751662971176,0.3272227315943191,0.09171831470224026
