,root,intermediate,edge
DR,1.0,-0.12136809499225609,0.03152181716369693
FPR,-0.018413597733711,0.12347424347424348,0.06416983755102493
F1,0.9686985172981878,0.022794287634920328,0.07072771199041374
