,root,intermediate,edge
DR,1.0,0.021945917617058507,0.001263514580671099
FPR,-0.018413597733711,0.1768899501508197,0.06650179914224577
F1,0.9686985172981878,0.18370221646187643,0.06078923952422508
