,root,intermediate,edge
DR,0.0,0.06029030532466464,-0.15814949006336568
FPR,-0.0,0.05751224338789671,0.16880244989119786
F1,0.0,0.11795634926090348,-0.07338215330957434
