,root,intermediate,edge
DR,1.0,0.5794670846394985,0.1053383776566151
FPR,-0.0,0.00397489539748954,0.12627730964107814
F1,1.0,0.5871889024887801,0.3696362883018155
