,root,intermediate,edge
DR,1.0,0.5758956560680699,0.1053383776566151
FPR,-0.0,0.01244947166867598,0.12627730964107814
F1,1.0,0.6349035067251234,0.3696362883018155
