,root,intermediate,edge
DR,1.0,0.022282528547667456,-0.41939545248591636
FPR,-0.1169811320754717,0.07047389585080323,0.3823942295156499
F1,0.93812375249501,0.16442728418621988,-0.21736773954464989
