,root,intermediate,edge
DR,1.0,-0.025382105416867605,-0.061831100157614685
FPR,-0.027027027027027,0.14072903485527002,0.15245069237107936
F1,0.9629629629629628,0.13042343288305605,0.09176419150463103
