,root,intermediate,edge
DR,1.0,0.04667395903517961,-0.08536051192232057
FPR,-0.027027027027027,0.16009106806795173,0.16828961854557598
F1,0.9629629629629628,0.2571717119285687,0.08912140618605198
