,root,intermediate,edge
DR,1.0,0.539131455399061,0.028317460317460307
FPR,-0.0010405827263267,0.033614254622163435,0.11628854971755158
F1,0.9873417721518988,0.7037905768266937,0.2479214106225708
