,root,intermediate,edge
DR,1.0,0.33608172734933295,0.04970068027210883
FPR,-0.0010405827263267,0.03598971290368896,0.1103750856016956
F1,0.9873417721518988,0.48636754225475476,0.23144452420555844
