,root,intermediate,edge
DR,0.0,0.2,0.03838866143803745
FPR,-0.0,-0.00486725663716814,0.12258964360532784
F1,0.0,0.17943925233644858,0.24449441334969063
