,root,intermediate,edge
DR,1.0,0.3804166666666666,0.04059540630607263
FPR,-0.0,0.00494226804123712,0.12482431741237235
F1,1.0,0.4382395382395382,0.25900832186138095
