,root,intermediate,edge
DR,1.0,0.3003333043167068,-0.22686556361530083
FPR,-0.0138888888888888,0.0477160817874898,0.27555308663766054
F1,0.97423887587822,0.42401194080113347,0.09774648884299106
