,root,intermediate,edge
DR,1.0,0.2898382548117563,-0.20446556361530083
FPR,-0.0138888888888888,0.044788232362603084,0.25381975330432727
F1,0.97423887587822,0.43130297712056176,0.09256250301384394
