,root,intermediate,edge
DR,1.0,0.058561857236389646,-0.1298579271685479
FPR,-0.0137741046831955,0.1656514090741043,0.19374224005749158
F1,0.982078853046595,0.2698908291520733,0.07365924963586803
