,root,intermediate,edge
DR,1.0,0.062415168675907975,-0.09768738453288899
FPR,-0.0137741046831955,0.16765846141352528,0.1666532912704296
F1,0.982078853046595,0.2898471386492343,0.07233574659290797
