,root,intermediate,edge
DR,1.0,0.16643202422182168,-0.1512618340619899
FPR,-0.0219922380336352,0.038492984326846155,0.23358987978191087
F1,0.959830866807611,0.2688298607764219,0.09410688152124655
