,root,intermediate,edge
DR,1.0,0.1662962019748342,-0.12389696919712503
FPR,-0.0219922380336352,0.040382757525914484,0.2104364706910018
F1,0.959830866807611,0.28960724610553024,0.09306362963812903
