,root,intermediate,edge
DR,0.0,0.2307036247334755,-0.2263866450502797
FPR,-0.0,-0.10869749029555324,0.2526497661741172
F1,0.0,0.20181758419430204,-0.09766205703813054
