,root,intermediate,edge
DR,0.0,0.2,-0.14626616312256885
FPR,-0.0,-0.1344632768361582,0.1811358219510096
F1,0.0,0.14190620272314675,-0.05383878864279801
