,root,intermediate,edge
DR,1.0,-0.02331691297208536,0.0963855421686747
FPR,-0.0,0.031105611802824694,0.09193020719738276
F1,1.0,0.18903488442065583,0.098159509202454
