,root,intermediate,edge
DR,1.0,0.15871575391034953,-0.1930487411257042
FPR,-0.027027027027027,0.040752288744384434,0.25996988504779994
F1,0.9629629629629628,0.24951344277425286,0.07332523158053003
