,root,intermediate,edge
DR,1.0,0.2307718183623967,-0.21893109406688066
FPR,-0.027027027027027,0.060165397436409494,0.2758088112222966
F1,0.9629629629629628,0.3762617218197655,0.06967249111481172
