,root,intermediate,edge
DR,1.0,0.22664306570042347,-0.2610645276971369
FPR,-0.020242914979757,0.0473435641668614,0.2901916575708466
F1,0.9718574108818012,0.3797075189968802,0.035712728137700864
