,root,intermediate,edge
DR,1.0,0.3098591549295775,0.08409090909090909
FPR,-0.0,0.03142707151853162,0.08344342909207847
F1,1.0,0.31889191177728726,0.13510802469135802
