,root,intermediate,edge
DR,1.0,0.2935286409412886,0.08409090909090909
FPR,-0.0,0.042133762422763274,0.08344342909207847
F1,1.0,0.38896752207725427,0.13510802469135802
