,root,intermediate,edge
DR,1.0,0.15136961555199974,-0.15377678333496492
FPR,-0.0186104218362282,0.07133500307543758,0.21520409692994247
F1,0.9627791563275434,0.2937755010063038,0.09302204643676212
