,root,intermediate,edge
DR,1.0,0.19455898432276383,-0.15377678333496492
FPR,-0.0186104218362282,0.03013328633724014,0.21520409692994247
F1,0.9627791563275434,0.2916034569943231,0.09302204643676212
