,root,intermediate,edge
DR,1.0,-0.1295293217322882,-0.03674871092491139
FPR,-0.09698996655518391,0.22790456070840817,0.05139207807118253
F1,0.912599318955732,0.03438683279915021,0.009118863328765315
