,root,intermediate,edge
DR,0.0,0.1631590530741232,0.08417293233082705
FPR,0.0010141987829614,0.01936177592785294,0.10207077514183974
F1,0.0,0.2575361542518399,0.14758140502273007
