,root,intermediate,edge
DR,1.0,0.23360655737704922,0.08285714285714285
FPR,0.0010141987829614,0.0056465775862446594,0.10948839987972589
F1,1.0,0.31314213842641936,0.18689667141883098
