,root,intermediate,edge
DR,1.0,0.05,0.1
FPR,0.0010141987829614,0.0056465775862446594,0.09842436974789917
F1,1.0,0.12168914697342789,0.1
