,root,intermediate,edge
DR,0.0,0.2307036247334755,-0.23178264720350059
FPR,-0.0,-0.11164358912542933,0.2511042981313993
F1,0.0,0.20181758419430204,-0.09521902378520578
