,root,intermediate,edge
DR,0.0,0.2,-0.14925252672157288
FPR,-0.0,-0.13747645951035783,0.17959035390829173
F1,0.0,0.14190620272314675,-0.05025537771461808
