,root,intermediate,edge
DR,1.0,0.05547305414758656,-0.13180730379876163
FPR,-0.0137741046831955,0.16454719073314766,0.1923472892658784
F1,0.982078853046595,0.2686160365087268,0.06969621882229156
