,root,intermediate,edge
DR,1.0,0.05932636558710489,-0.0996367611631027
FPR,-0.0137741046831955,0.16655424307256864,0.16525834047881643
F1,0.982078853046595,0.28857234600588766,0.06837271577933149
