,root,intermediate,edge
DR,1.0,0.0,0.06666912754420684
FPR,-0.0,0.014255765199161418,0.1349209750617737
F1,1.0,0.053258417400927925,0.3416777601354005
