,root,intermediate,edge
DR,1.0,0.28434782608695647,0.09046184738955823
FPR,-0.0,0.03407767619788624,0.11363349410529308
F1,1.0,0.5821275482724924,0.2697188159923153
