,root,intermediate,edge
DR,1.0,0.07262672811059907,-0.15364045471116106
FPR,-0.0137741046831955,0.019625061759469015,0.21297451451522315
F1,0.982078853046595,0.1493065757878463,0.0649273598646517
