,root,intermediate,edge
DR,1.0,0.15901972208979992,-0.18581099734682
FPR,-0.0137741046831955,0.04881424027057595,0.2302251883696706
F1,0.982078853046595,0.28949237527276134,0.053800544192292056
