,root,intermediate,edge
DR,1.0,0.17615364907018788,-0.25037420338484895
FPR,-0.017687074829932002,0.04793526091711432,0.3019862774306289
F1,0.9742647058823528,0.2828172609771992,0.0728242115913861
