,root,intermediate,edge
DR,1.0,0.24095881535639707,-0.22554989462908864
FPR,-0.017687074829932002,0.0560447623006818,0.28144500104238906
F1,0.9742647058823528,0.3933249927876052,0.06387700838929775
