,root,intermediate,edge
DR,1.0,0.05677757903115564,-0.006284846610482525
FPR,-0.0079051383399209,0.15001154545588338,0.09466928758269842
F1,0.9698189134808852,0.19775884915724454,0.07337175168196189
