,root,intermediate,edge
DR,1.0,0.060245355386255986,0.015143724818088882
FPR,-0.0079051383399209,0.15143855541459117,0.06886714854526528
F1,0.9698189134808852,0.21283127445348288,0.06672231133117147
