,root,intermediate,edge
DR,0.0,0.36843609256095666,-0.1967255104885677
FPR,-0.0,-0.04009776173573699,0.24524136655724044
F1,0.0,0.3753044333355584,0.04332823638896676
