,root,intermediate,edge
DR,1.0,0.26445461107947515,-0.22218676510111385
FPR,-0.0226415094339622,0.04340000646497106,0.2663661950894764
F1,0.9579439252336448,0.3937719623291646,0.05086693532702415
