,root,intermediate,edge
DR,1.0,0.0754231590898905,-0.12340920547367804
FPR,-0.0281879194630872,0.025247706020909505,0.20970404988029068
F1,0.96045197740113,0.13823687072168783,0.0800667850237023
