,root,intermediate,edge
DR,1.0,0.1440282382212854,-0.1538439880823737
FPR,-0.0281879194630872,0.04173263020953219,0.22282559684161662
F1,0.96045197740113,0.2594020470508013,0.06831518212142958
