,root,intermediate,edge
DR,1.0,0.15384615384615388,0.005727657851291179
FPR,-0.0,0.025105485232067504,0.12825630247117387
F1,1.0,0.26051525355581245,0.1715488252804175
