,root,intermediate,edge
DR,1.0,0.29829059829059834,0.017592592592592604
FPR,-0.0,0.05435859726526253,0.09236098728953872
F1,1.0,0.4346008694324731,0.08177274870344178
