,root,intermediate,edge
DR,0.0,0.36074941451990633,0.08597744360902256
FPR,-0.0,0.017287547693374962,0.11053426382115739
F1,0.0,0.42459957096787615,0.22981186308719295
