,root,intermediate,edge
DR,1.0,0.5606840983100118,0.07751879699248121
FPR,-0.0,0.00326619236168356,0.11970085975245918
F1,1.0,0.5533042558515447,0.28871109701246683
