,root,intermediate,edge
DR,1.0,0.37707754093296264,0.09466165413533836
FPR,-0.0,0.00326619236168356,0.10863682962063245
F1,1.0,0.36185126439855325,0.20181442559363588
