,root,intermediate,edge
DR,1.0,0.06640258887301871,-0.005956108910268504
FPR,-0.0013605442176870992,0.160629014435889,0.09381491290408735
F1,0.9742647058823528,0.2012852749120481,0.0772709873197206
