,root,intermediate,edge
DR,1.0,0.06178686168126406,0.01769980506822612
FPR,-0.0013605442176870992,0.15887039818074497,0.06607566186386542
F1,0.9742647058823528,0.21111831409075793,0.07148656165175989
