,root,intermediate,edge
DR,1.0,0.07262672811059907,-0.15153335890841307
FPR,-0.0137741046831955,0.020209003365308436,0.21508090279047415
F1,0.982078853046595,0.1493065757878463,0.06913535980960553
