,root,intermediate,edge
DR,1.0,0.15901972208979992,-0.18331630464484722
FPR,-0.0137741046831955,0.04937684706808296,0.2323315766449216
F1,0.982078853046595,0.28949237527276134,0.05817512566854732
