,root,intermediate,edge
DR,1.0,0.3771285199617675,0.026300611269139983
FPR,-0.0,0.0007454891760706212,0.1325386807711328
F1,1.0,0.38152367607198706,0.2907276171317267
