,root,intermediate,edge
DR,1.0,0.36678369237556063,0.026300611269139983
FPR,-0.0,0.0117858288788307,0.1325386807711328
F1,1.0,0.43728125182956284,0.2907276171317267
