,root,intermediate,edge
DR,1.0,0.15384615384615388,-0.012530241202795134
FPR,-0.0,0.01856540084388186,0.13397073872576634
F1,1.0,0.26051525355581245,0.22297381817214973
