,root,intermediate,edge
DR,1.0,0.32606837606837613,-0.013965205744011455
FPR,-0.0,0.01939527636255404,0.14246069490554378
F1,1.0,0.44558988042148406,0.2705168762759445
