,root,intermediate,edge
DR,1.0,0.5011802296083914,-0.11294005567296968
FPR,-0.0021299254526091,0.011863166516774899,0.1536777723778751
F1,0.9838709677419356,0.5987846001786451,0.27617428043652636
