,root,intermediate,edge
DR,1.0,0.16581297849070362,-0.14747037020195486
FPR,-0.0200286123032904,0.0631303529592503,0.22622063276380003
F1,0.9772727272727272,0.30939570895201396,0.08079456425122747
