{
        "scfs": [-0.010120830111555111, -0.020297112519425013, -0.030300113005050474, -0.04035593972693974,
                 -0.0506239719322344, -0.060573476601176575, -0.07052055714424463, -0.0807029148878899,
                 -0.09088262094572078, -0.10096302655677654],
        "clink": [-0.014189580745643233, -0.02402300763680765, -0.03367712636807636, -0.043406133066933084,
                  -0.053364581297868814, -0.06292888051115553, -0.07251404753024757, -0.0824100397338772,
                  -0.09219927491952484, -0.10739217324342323],
        "map": [-0.01711206597707844, -0.028356480733155706, -0.03942241267205026, -0.05051386757825509,
                -0.0618531389457764, -0.07283159743034741, -0.0838322969350094, -0.09508842855755364,
                -0.10631084612887104, -0.11883444832944833]
    }