{"scfs": [0.05883503333333321, 0.11719732500000019, 0.1757027083333334, 0.23441042500000003, 0.2926715750000006,0.35168642499999964, 0.41045695833333384, 0.4685738000000013, 0.5273819249999998, 0.57726],"clink": [0.014577025000000004, 0.07151413333333345, 0.12862988333333344, 0.1859416083333335,0.24280678333333353, 0.3003525083333337, 0.35772359166666695, 0.41447231666666723,0.47189401666666675, 0.5380533333333333],"map": [0.05113336666666654, 0.10937379166666676, 0.16778780833333345, 0.2264222, 0.28456239166666686,0.3435012999999995, 0.40217175833333374, 0.4601815000000005, 0.5188970583333335, 0.5745158333333333]}