{
        "scfs": [0.006829747256909754, 0.013584332595182583, 0.020397119666444693, 0.027322919738594742,
                 0.033876795960983475, 0.04067817994782998, 0.04746621935841939, 0.054303681339493724,
                 0.06124193288239562, 0.06794639804639806],
        "clink": [0.005935556456043957, 0.012124212158674649, 0.018336674626762133, 0.024647233807858788,
                  0.030595754763292217, 0.036853773291985734, 0.04302911006909757, 0.04929279017787764,
                  0.0555949549963925, 0.06431967185592186],
        "map": [0.006829747256909754, 0.013584332595182583, 0.020397119666444693, 0.027322919738594742,
                0.033876795960983475, 0.04067817994782998, 0.04746621935841939, 0.054303681339493724,
                0.06124193288239562, 0.06794639804639806]
    }