,root,intermediate,edge
DR,1.0,0.33382594417077177,0.05479463307776562
FPR,-0.0,0.015030455226624297,0.13692309199177535
F1,1.0,0.4693827105076124,0.2942037230100186
