,root,intermediate,edge
DR,0.0,0.17586206896551726,0.041880341880341884
FPR,-0.0,0.06625409644194759,0.04295039164490861
F1,0.0,0.1986405608542356,0.05903614457831326
