,root,intermediate,edge
DR,1.0,0.07854725415070242,0.01974012047812786
FPR,-0.0113207547169811,0.1472237747550152,0.06407522017714455
F1,0.9579439252336448,0.22027083198189407,0.06817475316853147
