,root,intermediate,edge
DR,1.0,0.16676084578928183,-0.15220168996466354
FPR,-0.018597997138769702,0.06085282482620887,0.22992392259036895
F1,0.9772727272727272,0.3097954637037,0.08885061422499443
