,root,intermediate,edge
DR,1.0,0.2638461538461539,0.07477081041437478
FPR,-0.0,0.05656432354789478,0.09047602809793358
F1,1.0,0.4076452680143783,0.1319901400077896
