,root,intermediate,edge
DR,1.0,0.2972499861612765,0.051065381670921076
FPR,-0.0,0.07259286600664848,0.1327922219221195
F1,1.0,0.5965548154464168,0.283332797372185
