,root,intermediate,edge
DR,1.0,0.4902753484801171,0.05175323379437304
FPR,-0.0,0.07366010186577335,0.13857067086356734
F1,1.0,0.7914999245394453,0.31764689526810397
