,root,intermediate,edge
DR,1.0,0.3076666528279432,0.06256404460518386
FPR,-0.0,0.0561059709675734,0.12204799267782221
F1,1.0,0.4990121894974563,0.2725306161983365
