,root,intermediate,edge
DR,1.0,-0.17652231845436375,0.0006620421874659
FPR,0.014311270125223596,0.17057221566312478,0.08387085901976885
F1,0.9264705882352942,-0.05273744877834356,0.05040765728078185
