,root,intermediate,edge
DR,1.0,-0.17007657446476013,0.042792792792792786
FPR,0.014311270125223596,0.17536773387040766,0.03974820143884892
F1,0.9264705882352942,-0.03970385650831152,0.05993690851735016
