,root,intermediate,edge
DR,1.0,0.14308033409543475,-0.20717350640859386
FPR,-0.0269121813031161,0.056126792930916644,0.26658655197870795
F1,0.9686985172981878,0.2581893989635974,0.07914137335309619
