,root,intermediate,edge
DR,1.0,0.13874333999333996,-0.1713801484750145
FPR,-0.0269121813031161,0.054603195755145564,0.23695692234907825
F1,0.9686985172981878,0.2682126377004065,0.0796190434543261
