,root,intermediate,edge
DR,0.0,0.0,0.1
FPR,-0.0,-0.0,0.09530916844349681
F1,0.0,0.0,0.08493150684931507
