,root,intermediate,edge
DR,1.0,0.015416666666666634,0.09516129032258064
FPR,0.0041025641025641,0.00960952467840526,0.09722814498933902
F1,1.0,0.07555555555555551,0.0975206611570248
