,root,intermediate,edge
DR,1.0,0.10793983195600446,-0.09919169237755246
FPR,-0.0166453265044814,0.14628971475758612,0.17756298892934097
F1,0.9711751662971176,0.3166751953291207,0.08731981901973009
