,root,intermediate,edge
DR,1.0,0.10122488791387148,-0.07219169237755245
FPR,-0.0166453265044814,0.1442195191345918,0.1559915603579124
F1,0.9711751662971176,0.3264432813011795,0.08748966807323252
