,root,intermediate,edge
DR,1.0,-0.09356651532401802,-0.411964363830892
FPR,-0.10546875,0.19104459487245815,0.3810591419026111
F1,0.9475728155339804,0.13050188042870586,-0.21771558768281163
