,root,intermediate,edge
DR,1.0,0.01412579236828968,-0.411964363830892
FPR,-0.10546875,0.08198871818652367,0.3810591419026111
F1,0.9475728155339804,0.16277338400400643,-0.21771558768281163
