,root,intermediate,edge
DR,0.0,0.5607494145199063,0.01745562959052187
FPR,-0.0,-0.00327763511215862,0.14629607652879661
F1,0.0,0.5607525443591017,0.27645091623166496
