,root,intermediate,edge
DR,1.0,0.5583397759656894,0.016139840116837667
FPR,-0.0,0.00236894247408604,0.15361082060824657
F1,1.0,0.666747952901799,0.3147295295363182
