,root,intermediate,edge
DR,1.0,0.3648971530148698,0.06578269725969482
FPR,-0.0,0.03580877208004982,0.11037956739817982
F1,1.0,0.5815493969451204,0.18777040592925057
