,root,intermediate,edge
DR,1.0,-0.07504352278545826,0.043845910457206136
FPR,0.057851239669421496,0.09703424038183668,0.08986804521865069
F1,0.982078853046595,0.03448579441089041,0.08337900639431127
