,root,intermediate,edge
DR,1.0,-0.05093843247347143,0.06632653061224489
FPR,0.057851239669421496,0.10594863446340282,0.0664179104477612
F1,0.982078853046595,0.06741815917227882,0.07975460122699386
