,root,intermediate,edge
DR,1.0,0.004132007750442967,-0.2777356672048147
FPR,-0.1268382352941177,0.08896040066582195,0.2918593905734261
F1,0.926829268292683,0.13440972049827732,-0.09710534148979919
