,root,intermediate,edge
DR,1.0,0.2,0.07784498125268915
FPR,-0.0,-0.011122770199370401,0.11282775032722114
F1,1.0,0.127027027027027,0.22670739389362632
