,root,intermediate,edge
DR,1.0,0.36664820941596643,0.07149577490348283
FPR,-0.0,0.00493944064676514,0.11848410038058292
F1,1.0,0.3945200547444115,0.2529122411403531
