,root,intermediate,edge
DR,1.0,0.02130761902316163,-0.40762195219556563
FPR,-0.166077738515901,0.07305863934094602,0.37079340954566986
F1,0.9022869022869024,0.1632231681640541,-0.21394092230621373
