DR,FPR,F1
0.0,0.0,0.0
0.0,0.0,0.0
1.0,0.07077856420626896,0.2391304347826087
0.0,0.0,0.0
1.0,0.1025081788440567,0.6384615384615384
1.0,0.10212765957446808,0.5555555555555556
1.0,0.10377358490566038,0.4816753926701571
0.6829268292682927,0.0,0.8115942028985508
0.7777777777777778,0.0,0.875
1.0,0.06836734693877551,0.37383177570093457
0.0,0.0,0.0
1.0,0.079002079002079,0.5
0.0,0.0,0.0
0.0,0.9146868250539957,0.0
1.0,0.0816542948038176,0.5968586387434555
1.0,0.08122362869198312,0.574585635359116
