,root,intermediate,edge
DR,1.0,0.29333333333333333,0.07488474304263779
FPR,-0.0,0.01384314070105582,0.12227743472768282
F1,1.0,0.5213394216133942,0.28152995756411114
