,root,intermediate,edge
DR,1.0,0.31106319492896695,0.051109753559723234
FPR,-0.0010570824524312,0.03912703791346479,0.11698281217456392
F1,0.9908256880733946,0.526208017417656,0.19342586557277083
