,root,intermediate,edge
DR,1.0,-0.2708706181809137,0.03972911963882618
FPR,0.012867647058823511,0.266959074519543,0.03895870736086176
F1,0.926829268292683,-0.08178257414063057,0.0568659127625202
