,root,intermediate,edge
DR,1.0,-0.1729892622487103,0.03972911963882618
FPR,0.012867647058823511,0.18438331694378537,0.03895870736086176
F1,0.926829268292683,-0.043946817906876844,0.0568659127625202
