,root,intermediate,edge
DR,1.0,0.35717089190596346,0.06749790806364929
FPR,-0.0,0.04473472734674412,0.1182272867209871
F1,1.0,0.6018834300535556,0.22015909342237613
