,root,intermediate,edge
DR,0.0,0.2529627191177681,-0.347296881513058
FPR,-0.0,-0.11568449687456177,0.3371307624170879
F1,0.0,0.24846729816601298,-0.17601563556684194
