,root,intermediate,edge
DR,1.0,0.008570433326011017,-0.41206066104061706
FPR,-0.193661971830986,0.07444902300134688,0.38042344534391714
F1,0.8861538461538462,0.14997789301374614,-0.20669388173734365
