,root,intermediate,edge
DR,1.0,0.015700594207278356,-0.2899626510789928
FPR,-0.1270903010033445,0.06468395873472552,0.2793032186039749
F1,0.912599318955732,0.13580304066582646,-0.12242690581873172
