,root,intermediate,edge
DR,1.0,0.05328400861816136,-0.39324802220929067
FPR,-0.12876254180602,0.0649957906998706,0.35975299041664577
F1,0.912599318955732,0.20148381335131268,-0.18144048673921484
