,root,intermediate,edge
DR,1.0,0.3931034482758621,0.07747368421052632
FPR,-0.0,0.017980769533599762,0.09512820512820512
F1,1.0,0.39649122807017545,0.1208048285528986
