,root,intermediate,edge
DR,1.0,0.3895320197044335,0.07747368421052632
FPR,-0.0,0.0264553458047862,0.09512820512820512
F1,1.0,0.44420583230651883,0.1208048285528986
