,root,intermediate,edge
DR,0.0,0.16074941451990635,0.08417293233082705
FPR,-0.0,0.019784946236559138,0.1015161705839672
F1,0.0,0.25864212415936555,0.13702100651712606
