,root,intermediate,edge
DR,1.0,0.5401712777971912,0.0757142857142857
FPR,-0.0,0.012791703354666919,0.10708194347000151
F1,1.0,0.5261856117837481,0.19592024044239995
