,root,intermediate,edge
DR,1.0,0.35656472042014214,0.09285714285714286
FPR,-0.0,0.012791703354666919,0.09601791333817478
F1,1.0,0.3347326203307566,0.10902356902356902
