,root,intermediate,edge
DR,1.0,0.14823883161512028,0.052002164502164494
FPR,-0.0,0.018298482183571118,0.13777008565050988
F1,1.0,0.21495645812103636,0.35982091339613803
