,root,intermediate,edge
DR,1.0,0.29573883161512027,0.043668831168831156
FPR,-0.0,0.020210353531094898,0.13873991323671678
F1,1.0,0.3897843486770823,0.35996230611441304
