,root,intermediate,edge
DR,1.0,0.3271922881785895,0.0019687468646988338
FPR,-0.0021299254526091,0.02856822171127086,0.1303688502671277
F1,0.9838709677419356,0.45186963257722856,0.22818962985004218
