,root,intermediate,edge
DR,0.0,0.18522441372883988,-0.05949849661738913
FPR,-0.0,0.0639026703930374,0.13858650696150696
F1,0.0,0.26906104709217216,0.0750142360071037
