,root,intermediate,edge
DR,1.0,0.08124293224735839,-0.08495975122993525
FPR,-0.0226415094339622,0.14740043859374546,0.1597113354937429
F1,0.9579439252336448,0.28752857608577836,0.08255293494516111
