,root,intermediate,edge
DR,1.0,0.013451004260499121,0.09484536082474226
FPR,0.0031712473572938996,0.022495907849498918,0.09401993355481728
F1,0.9908256880733946,0.1292378975862847,0.09735449735449736
