,root,intermediate,edge
DR,1.0,0.2,0.09051736602659169
FPR,-0.0,0.003773584905660381,0.1504534698281791
F1,1.0,0.14959349593495935,0.4413200864081615
