,root,intermediate,edge
DR,1.0,0.471304347826087,0.11931008587194307
FPR,-0.0,0.02296656508677514,0.1294851378078687
F1,1.0,0.6736169099746201,0.3713955710600686
