,root,intermediate,edge
DR,1.0,0.009002614930325493,-0.2768916075378249
FPR,-0.148936170212766,0.06791144249908568,0.2860425024921284
F1,0.8922018348623854,0.1320303004316779,-0.10200205197081073
