,root,intermediate,edge
DR,1.0,0.33233706932337065,0.013601920477670304
FPR,-0.0021299254526091,-0.00086299892125134,0.13632256153419153
F1,0.9838709677419356,0.3570291777188329,0.2532322918224723
