,root,intermediate,edge
DR,1.0,0.31373241816057995,0.013601920477670304
FPR,-0.0021299254526091,0.01117201201966768,0.13632256153419153
F1,0.9838709677419356,0.39524289382728583,0.2532322918224723
