,root,intermediate,edge
DR,1.0,0.14823883161512028,-0.023921669636106035
FPR,-0.0,0.02162725555338416,0.1750086949883405
F1,1.0,0.2586464757485091,0.33704690985887004
