,root,intermediate,edge
DR,1.0,0.25707216494845364,-0.007597108232597261
FPR,-0.0,0.02130135869717974,0.1715167163271317
F1,1.0,0.45515431557193275,0.34452391420757833
