,root,intermediate,edge
DR,1.0,0.21707216494845363,0.030751206374144312
FPR,-0.0,0.06291752031334136,0.1295480616131422
F1,1.0,0.5832175566786522,0.27104108077367906
