,root,intermediate,edge
DR,1.0,0.10383075924273315,-0.0002843853820597986
FPR,-0.0075757575757575,0.14142643995796889,0.09020926243567752
F1,0.97423887587822,0.2377887669505819,0.07644278215203142
