,root,intermediate,edge
DR,1.0,0.09566345271616213,0.0213156146179402
FPR,-0.0075757575757575,0.13904266595342113,0.06887592910234419
F1,0.97423887587822,0.2464064967904691,0.07115743663603238
