,root,intermediate,edge
DR,1.0,0.3549295774647887,0.013702306465464354
FPR,-0.0,-0.006487695749440721,0.15361359304659825
F1,1.0,0.3498097861734225,0.2886458540355418
