,root,intermediate,edge
DR,1.0,0.31359906347649985,0.05586416271900143
FPR,-0.0,0.042538667285938477,0.11585506160477557
F1,1.0,0.5585142380809545,0.2096055112430768
