,root,intermediate,edge
DR,1.0,0.027828576391541772,-0.456050899901747
FPR,-0.1537070524412296,0.08059431600885328,0.4382819081100049
F1,0.91317671092952,0.17208244757082838,-0.2147718738152308
