,root,intermediate,edge
DR,1.0,0.03403989860011891,-0.40357565237699455
FPR,-0.1537070524412296,0.08608303609043073,0.3843425141706109
F1,0.91317671092952,0.1894160317750005,-0.1985882317440631
