,root,intermediate,edge
DR,0.0,0.18212765957446808,0.040999999999999995
FPR,-0.0,0.06429581878413466,0.04375
F1,0.0,0.1967472961949879,0.05815602836879432
