,root,intermediate,edge
DR,1.0,0.0843961780929866,0.01959778597785978
FPR,-0.0088050314465409,0.1442180906018967,0.06487482853223595
F1,0.9579439252336448,0.21779808682416002,0.06765588176611845
