,root,intermediate,edge
DR,1.0,-0.1454489152981438,-0.04213050591896314
FPR,-0.1103074141048824,0.2496272690279425,0.06111463049567425
F1,0.91317671092952,0.0319981605151477,0.005584228245268927
