,root,intermediate,edge
DR,1.0,-0.01400755594303984,0.09791666666666667
FPR,0.0065075921908893,0.030113277817598184,0.091281512605042
F1,1.0,0.1085833247701781,0.09894736842105264
