,root,intermediate,edge
DR,1.0,0.3619274714356681,0.14050361197110423
FPR,-0.0,0.0016268706911047605,0.13545700882887926
F1,1.0,0.39815210936714307,0.38637260926580075
