,root,intermediate,edge
DR,1.0,0.5260688855770822,0.12790393095037056
FPR,-0.0,0.01129347539661224,0.1370082184764661
F1,1.0,0.6079922688890869,0.4091295014963772
