,root,intermediate,edge
DR,1.0,0.14831072358173264,-0.20186392794904218
FPR,-0.0197628458498023,0.016126324810894023,0.2630879567361054
F1,0.9698189134808852,0.2334499878922708,0.0715402418953893
