,root,intermediate,edge
DR,1.0,0.2337994132957745,-0.23480043588555014
FPR,-0.0197628458498023,0.04625748827943908,0.28167084443664014
F1,0.9698189134808852,0.3783240360342928,0.06621783214741381
