,root,intermediate,edge
DR,1.0,0.13901287377797444,-0.2368112902300393
FPR,-0.0269121813031161,0.036236705648470355,0.2793634382473076
F1,0.9686985172981878,0.24374583175090106,0.034703318214963155
