,root,intermediate,edge
DR,1.0,0.21051480585037624,-0.2670695928130652
FPR,-0.0269121813031161,0.06064213114085237,0.2970589114983364
F1,0.9686985172981878,0.3696245582875223,0.0247648457487745
