,root,intermediate,edge
DR,1.0,0.0417599170339642,-0.36580332348922295
FPR,-0.1065830721003134,0.0551329690346084,0.3397566039591042
F1,0.914141414141414,0.16539436196136864,-0.14901164200296188
