,root,intermediate,edge
DR,1.0,0.07561292371547865,-0.3874782915325957
FPR,-0.1065830721003134,0.054044039815007675,0.3503043090746699
F1,0.914141414141414,0.22117417847513013,-0.18431084895323036
