,root,intermediate,edge
DR,1.0,0.057555397786263916,-0.303646109167282
FPR,-0.09765625,0.051004711539641666,0.29600430761865604
F1,0.9475728155339804,0.1741579848176835,-0.12396941442282591
