,root,intermediate,edge
DR,1.0,0.0018381420690081972,-0.303646109167282
FPR,-0.09765625,0.08260394082673225,0.29600430761865604
F1,0.9475728155339804,0.12353464123434095,-0.12396941442282591
