,root,intermediate,edge
DR,1.0,0.13997043606799703,0.06748932709413387
FPR,-0.0,0.04515257541492068,0.10272612966802834
F1,1.0,0.31541296368100274,0.14056333103166724
