,root,intermediate,edge
DR,1.0,0.29997043606799706,0.07542735042735042
FPR,-0.0,0.0345791450974912,0.09541774361013541
F1,1.0,0.4239221096456548,0.1269011522134627
