,root,intermediate,edge
DR,1.0,0.32239167785650436,0.07865136298421808
FPR,-0.0,0.06414920807285464,0.08479017107753847
F1,1.0,0.4449247190124801,0.11259971509971509
