,root,intermediate,edge
DR,1.0,0.3327365054427113,0.07865136298421808
FPR,-0.0,0.05289655414504148,0.08479017107753847
F1,1.0,0.4165687612447576,0.11259971509971509
