,root,intermediate,edge
DR,1.0,0.15687300203429236,0.053565370815420156
FPR,-0.0,0.01511879049676026,0.13688365751570614
F1,1.0,0.24142797569403074,0.2304969050459948
