,root,intermediate,edge
DR,1.0,0.33948169768646624,0.07375878550572638
FPR,-0.0,0.01757528998498952,0.1419146800963382
F1,1.0,0.43233706660312166,0.2728675919627883
