,root,intermediate,edge
DR,1.0,0.3619274714356681,0.10717027863777089
FPR,-0.0,0.0020654671823328212,0.13516653741463652
F1,1.0,0.39815210936714307,0.3852973404485964
