,root,intermediate,edge
DR,1.0,0.5260688855770822,0.09457059761703723
FPR,-0.0,0.011732071887840301,0.13671774706222337
F1,1.0,0.6079922688890869,0.4080542326791729
