,root,intermediate,edge
DR,1.0,0.14375147503503208,-0.2078112965802515
FPR,-0.0254957507082153,0.05536613536613538,0.2652774244772207
F1,0.9686985172981878,0.25848033771691126,0.07902392885703662
