,root,intermediate,edge
DR,1.0,0.13874333999333996,-0.17238694233670904
FPR,-0.0254957507082153,0.053570799059929494,0.23564779484759102
F1,0.9686985172981878,0.26804235796434,0.07934483242079653
