,root,intermediate,edge
DR,1.0,0.06623420457759746,-0.09848878950447558
FPR,-0.0326370757180156,0.16142407538845388,0.1639987319657605
F1,0.9473684210526316,0.30369522733082127,0.07354805365347256
