,root,intermediate,edge
DR,1.0,0.3261049606131573,0.05359068675257626
FPR,-0.0,0.02246990823737272,0.13220568643279362
F1,1.0,0.4584928234896085,0.282553543844042
