,root,intermediate,edge
DR,1.0,0.34201405152224823,0.05359068675257626
FPR,-0.0,0.01150499595667096,0.13220568643279362
F1,1.0,0.437373397342076,0.282553543844042
