,root,intermediate,edge
DR,1.0,-0.18417522925643576,0.03792372881355932
FPR,0.023076923076923106,0.1893394339736986,0.03465909090909091
F1,0.9293320425943852,-0.05530831385225347,0.05499231950844854
