,root,intermediate,edge
DR,1.0,-0.0050000000000000044,0.09411764705882351
FPR,0.0055309734513274,0.039547604111373855,0.08982706002034588
F1,1.0,0.1260293859078257,0.09696969696969696
