,root,intermediate,edge
DR,1.0,-0.28807085257334364,-0.05079995188259354
FPR,-0.08203125,0.34958282016448305,0.059574420226286076
F1,0.9475728155339804,-0.03653977847637041,0.0007619379782877022
