,root,intermediate,edge
DR,1.0,-0.18328914779163882,-0.05079995188259354
FPR,-0.08203125,0.24245372575215166,0.059574420226286076
F1,0.9475728155339804,-0.005078921589343988,0.0007619379782877022
