,root,intermediate,edge
DR,1.0,-0.004564383416673312,-0.06118092390224654
FPR,-0.0219922380336352,0.13649422304841433,0.14136724930063035
F1,0.959830866807611,0.1781635423006407,0.07299663822547249
