,root,intermediate,edge
DR,1.0,0.07585283466509866,-0.08415389687521951
FPR,-0.0219922380336352,0.1520817732746523,0.1557138402097213
F1,0.959830866807611,0.3002598821204809,0.06730286844022051
