,root,intermediate,edge
DR,1.0,0.4836582491582492,0.02254932407745705
FPR,-0.0,0.019690692986982162,0.17363506850435856
F1,1.0,0.6011051647139356,0.37056557877857504
