,root,intermediate,edge
DR,1.0,0.4836582491582492,0.021507657410790377
FPR,-0.0,0.019690692986982162,0.17496250213267714
F1,1.0,0.6011051647139356,0.3782327070676346
