,root,intermediate,edge
DR,0.0,0.36190476190476184,0.07688783302222976
FPR,-0.0,0.01610780655946286,0.10515693363720677
F1,0.0,0.4698634282034292,0.2221263324489131
