,root,intermediate,edge
DR,1.0,0.35115207373271884,0.07438783302222976
FPR,-0.0,0.02981803114602934,0.1056777669705401
F1,1.0,0.6075861846143905,0.22674286260527948
