,root,intermediate,edge
DR,1.0,0.37333333333333335,0.024685924369747914
FPR,-0.0,-0.00921180919404072,0.13186425657520814
F1,1.0,0.33402889245585876,0.33995211999330116
