,root,intermediate,edge
DR,1.0,0.3411322011322011,0.019491119174942718
FPR,-0.0,0.01119935397795098,0.1371730323065191
F1,1.0,0.4092860059993946,0.3606196750412103
