,root,intermediate,edge
DR,1.0,0.35212121212121217,0.024685924369747914
FPR,-0.0,0.0112701935594016,0.13186425657520814
F1,1.0,0.4486401598401598,0.33995211999330116
