,root,intermediate,edge
DR,1.0,0.38148936170212766,0.0854879299199786
FPR,-0.0,-0.0010435359873225201,0.1289354441806483
F1,1.0,0.35666666666666663,0.3242211945837524
