,root,intermediate,edge
DR,1.0,0.356547293027175,0.0854879299199786
FPR,-0.0,0.017219731931911477,0.1289354441806483
F1,1.0,0.42170888110586596,0.3242211945837524
