,root,intermediate,edge
DR,0.0,0.3802469135802469,0.08581303489137591
FPR,-0.0,0.013063491671979139,0.09655601709988584
F1,0.0,0.3426000063090343,0.144230923152841
