,root,intermediate,edge
DR,1.0,0.3777524893314367,0.09696969696969696
FPR,0.0010245901639344,0.035695045992379104,0.08707431951793225
F1,1.0,0.47947872332178215,0.10761556368473561
