,root,intermediate,edge
DR,1.0,0.054907568886176095,-0.39218299123857703
FPR,-0.1223140495867768,0.06513191943980527,0.3614403937999855
F1,0.914351851851852,0.19113751758485203,-0.18082611308358448
