,root,intermediate,edge
DR,1.0,0.07292198323004014,0.008741955255899492
FPR,-0.011444921316166002,0.17558282444214005,0.07259336773355465
F1,0.9772727272727272,0.2505449494438374,0.06854473973676997
