,root,intermediate,edge
DR,1.0,0.03784658402803265,-0.41244263016022903
FPR,-0.1661237785016286,0.0597543647667562,0.3736734281114329
F1,0.8832951945080092,0.184010775070484,-0.20587260891232817
