,root,intermediate,edge
DR,1.0,0.055905913250181426,-0.305123968926461
FPR,-0.10546875,0.05344487353088591,0.2988440213416975
F1,0.9475728155339804,0.17337918387724463,-0.12175496248054847
