,root,intermediate,edge
DR,1.0,0.00018865753292570674,-0.305123968926461
FPR,-0.10546875,0.08311732054437339,0.2988440213416975
F1,0.9475728155339804,0.12275584029390205,-0.12175496248054847
