,root,intermediate,edge
DR,1.0,0.14308033409543475,-0.2102402596224771
FPR,-0.0269121813031161,0.055598790701883505,0.2662371773684303
F1,0.9686985172981878,0.2581893989635974,0.07386369375352786
