,root,intermediate,edge
DR,1.0,0.13874333999333996,-0.1744469016888978
FPR,-0.0269121813031161,0.05407519352611242,0.2366075477388006
F1,0.9686985172981878,0.2682126377004065,0.07434136385475779
