,root,intermediate,edge
DR,0.0,0.14144486692015207,0.04043478260869565
FPR,-0.0,0.06462018147396566,0.040519480519480525
F1,0.0,0.17082455263220547,0.05765636723279449
