,root,intermediate,edge
DR,1.0,0.16711461807847697,-0.13569630655197465
FPR,-0.0232858990944373,0.044115839674684576,0.23344980264306092
F1,0.959830866807611,0.2694656745650403,0.09633210302120253
