,root,intermediate,edge
DR,1.0,0.16527579381156882,-0.10799360384927195
FPR,-0.0232858990944373,0.045439842010952344,0.21029639355215185
F1,0.959830866807611,0.2891646716938114,0.09544188168954154
