,root,intermediate,edge
DR,1.0,0.03899387995595564,-0.3942948825911493
FPR,-0.1478102189781022,0.08621539713691281,0.372839722637793
F1,0.9159067882472138,0.19351157780727957,-0.17466633891018507
