,root,intermediate,edge
DR,0.0,0.1710589681848455,-0.09089292076630033
FPR,-0.0,0.06379670259936338,0.1398765787640314
F1,0.0,0.25706787451388996,0.037425290928358536
