,root,intermediate,edge
DR,0.0,0.061407249466950954,0.01626506024096385
FPR,-0.0,0.05255460170714408,0.013147410358565731
F1,0.0,0.07426738339108921,0.027979274611398958
