,root,intermediate,edge
DR,0.0,0.0,0.1
FPR,-0.0,-0.0,-0.04302788844621514
F1,0.0,0.0,0.07350553505535055
