,root,intermediate,edge
DR,1.0,-0.10083391582814508,0.04456391875746716
FPR,-0.010884353741496601,0.11217443306945488,0.06416373757908536
F1,0.9742647058823528,0.038045417303059416,0.07697307986687789
