,root,intermediate,edge
DR,1.0,0.05358140418712404,0.012305854241338121
FPR,-0.010884353741496601,0.16117241832322718,0.06485721885509091
F1,0.9742647058823528,0.20575820387811375,0.0675209426001711
