,root,intermediate,edge
DR,0.0,0.5679012345679013,0.09398288347597104
FPR,-0.0,-0.00017745716739544227,0.12742993305838665
F1,0.0,0.4859962327241287,0.3233591722962714
