,root,intermediate,edge
DR,1.0,0.5540747765309169,0.09278974737500084
FPR,-0.0,0.021807313258348816,0.1296496888852457
F1,1.0,0.6703681055863766,0.33149358899053344
