,root,intermediate,edge
DR,1.0,0.5475821596244131,0.033317460317460315
FPR,-0.0010405827263267,0.034265013841252356,0.11682210127237973
F1,0.9873417721518988,0.707063304099421,0.2296352655396423
