,root,intermediate,edge
DR,1.0,0.3445324315746851,0.05470068027210884
FPR,-0.0010405827263267,0.03664047212277788,0.11090863715652374
F1,0.9873417721518988,0.4896402695274821,0.21315837912262997
