,root,intermediate,edge
DR,1.0,-0.09534275248560964,0.04691304347826088
FPR,-0.0102432778489117,0.09020731393252641,0.06695874617186093
F1,0.9711751662971176,0.030268018717372214,0.08315878692621193
