,root,intermediate,edge
DR,1.0,0.057806249050488666,0.010913043478260876
FPR,-0.0102432778489117,0.1361557435578145,0.06610160331471807
F1,0.9711751662971176,0.18937743404785895,0.06797907267014938
