,root,intermediate,edge
DR,1.0,-0.07862704683384865,0.04810457516339869
FPR,0.0445945945945946,0.09563741979461496,0.08942022082701884
F1,0.9629629629629628,0.02826433156493795,0.08687047682833807
