,root,intermediate,edge
DR,1.0,-0.06386782231852654,0.06888888888888889
FPR,0.0445945945945946,0.09983003564231467,0.06606451612903226
F1,0.9629629629629628,0.04974822654633104,0.08157894736842106
