,root,intermediate,edge
DR,0.0,0.19398353781643113,-0.05474079178150839
FPR,-0.0,0.06712917764562334,0.13451451288951288
F1,0.0,0.27294897295011944,0.07112153694284806
