,root,intermediate,edge
DR,1.0,0.09069650077939409,-0.07983304270401761
FPR,-0.0213836477987421,0.15035297324359165,0.15563934142174882
F1,0.9579439252336448,0.29174480852289086,0.07883595737267755
