,root,intermediate,edge
DR,1.0,0.3466666666666667,0.07142857142857142
FPR,-0.0,0.02341245614834388,0.08901243377005875
F1,1.0,0.31542424129306806,0.16746031746031748
