,root,intermediate,edge
DR,1.0,0.31446553446553444,0.06623376623376623
FPR,-0.0,0.043823619320335586,0.0943212095013697
F1,1.0,0.3906813548366039,0.1881278725082266
