,root,intermediate,edge
DR,1.0,0.3254545454545455,0.07142857142857142
FPR,-0.0,0.043894458901786206,0.08901243377005875
F1,1.0,0.43003550867736917,0.16746031746031748
