,root,intermediate,edge
DR,1.0,0.2880097225179193,0.077988614800759
FPR,-0.0,0.052045635091108225,0.09034503402186857
F1,1.0,0.4387397370698555,0.15041998936735781
