,root,intermediate,edge
DR,1.0,0.30391881342701016,0.077988614800759
FPR,-0.0,0.041080722810406464,0.09034503402186857
F1,1.0,0.4176203109223229,0.15041998936735781
