,root,intermediate,edge
DR,1.0,-0.13451217943946694,-0.20162084210760606
FPR,-0.1140495867768595,0.22583617389592522,0.204554426375402
F1,0.914351851851852,0.05899484804531874,-0.06940414605223647
