,root,intermediate,edge
DR,1.0,-0.03220113220113223,0.09480519480519481
FPR,-0.0,0.0204111631719917,0.0999821425654818
F1,1.0,0.07525711354353581,0.12066755504790913
