,root,intermediate,edge
DR,1.0,-0.021212121212121217,0.1
FPR,-0.0,0.020482002753442318,0.09467336683417085
F1,1.0,0.11461126738430108,0.1
