,root,intermediate,edge
DR,1.0,0.018918808125797493,-0.274569197863208
FPR,-0.1596091205211726,0.07377376794576729,0.2810215839588144
F1,0.8832951945080092,0.140867964292927,-0.10077995595496644
