,root,intermediate,edge
DR,1.0,0.2972499861612765,0.05623493068113321
FPR,-0.0,0.05503873510844855,0.12250073459817182
F1,1.0,0.4949761713135188,0.29396621108525883
