,root,intermediate,edge
DR,1.0,-0.0840606397333122,0.04823250402720601
FPR,0.021992238033635196,0.08317083937693133,0.09280411565511851
F1,0.959830866807611,0.026457215546276825,0.08455804582926224
