,root,intermediate,edge
DR,1.0,-0.07199335548172756,0.07052980132450332
FPR,0.021992238033635196,0.08709921728934944,0.07234957020057306
F1,0.959830866807611,0.05328863690232215,0.08271844660194175
