,root,intermediate,edge
DR,0.0,0.5607494145199063,0.01871384474098885
FPR,-0.0,-0.00306258134871776,0.14751539756709525
F1,0.0,0.5607525443591017,0.2914475812925096
