,root,intermediate,edge
DR,1.0,0.5583397759656894,0.017398055267304646
FPR,-0.0,0.0025839962375269,0.15483014164654524
F1,1.0,0.666747952901799,0.3297261945971629
