,root,intermediate,edge
DR,1.0,0.3681758415394599,0.06882662669587608
FPR,-0.0,0.036023825843490676,0.11191176294426822
F1,1.0,0.5826899818873064,0.20354949863142022
