,root,intermediate,edge
DR,1.0,0.17712851996176754,0.0701219512195122
FPR,-0.0,0.033630803509080084,0.08954203903783735
F1,1.0,0.27654630050637624,0.10728835978835978
