,root,intermediate,edge
DR,1.0,0.3460940372031468,0.0701219512195122
FPR,-0.0,0.04467114321184016,0.08954203903783735
F1,1.0,0.4230800683976102,0.10728835978835978
