,root,intermediate,edge
DR,0.0,0.26996197718631176,-0.12403677550701206
FPR,-0.0,-0.047457403249240526,0.2056973439257006
F1,0.0,0.25977192105325814,0.07581211255766288
