,root,intermediate,edge
DR,1.0,-0.020353535353535367,0.09411764705882351
FPR,0.0021208907741251,0.03354980630238424,0.09409969481180061
F1,1.0,0.15062037347924556,0.09696969696969696
