,root,intermediate,edge
DR,1.0,-0.004444444444444473,0.09411764705882351
FPR,0.0021208907741251,0.023023490512910562,0.09409969481180061
F1,1.0,0.13045569293864867,0.09696969696969696
