,root,intermediate,edge
DR,1.0,0.043789310526297684,-0.384018637204857
FPR,-0.1538461538461538,0.06353427023266597,0.3606357271290678
F1,0.8922018348623854,0.18376852853586176,-0.1618578667831731
