,root,intermediate,edge
DR,0.0,0.5607494145199063,0.013629098978276988
FPR,-0.0,-0.00370774263904034,0.13675379748191102
F1,0.0,0.5607525443591017,0.26773814721907097
