,root,intermediate,edge
DR,1.0,0.5583397759656894,0.012313309504592784
FPR,-0.0,0.0019388349472043201,0.144068541561361
F1,1.0,0.666747952901799,0.30601676052372423
