,root,intermediate,edge
DR,1.0,0.5583397759656894,0.08231330950459279
FPR,-0.0,0.00342978276403072,0.14332701613763218
F1,1.0,0.666747952901799,0.3118958198742282
