,root,intermediate,edge
DR,1.0,0.3541753774680604,0.04450815294121051
FPR,-0.0,0.019520279019750363,0.14521463157939568
F1,1.0,0.37787854149911126,0.31903800022415413
