,root,intermediate,edge
DR,1.0,0.54383755857263,0.11687878580659601
FPR,-0.0,0.02534855403476754,0.14235296876668413
F1,1.0,0.6584490866192121,0.3605208874968381
