,root,intermediate,edge
DR,1.0,0.04527865293281057,-0.09598684198313293
FPR,-0.0200286123032904,0.1525090327875413,0.1713098814675728
F1,0.9772727272727272,0.2850439833617786,0.08797198840501788
