,root,intermediate,edge
DR,1.0,0.030941735370086532,-0.09598684198313293
FPR,-0.0200286123032904,0.16804301337006558,0.1713098814675728
F1,0.9772727272727272,0.28243903842965523,0.08797198840501788
