,root,intermediate,edge
DR,1.0,0.4836582491582492,-0.044117342589209615
FPR,-0.0,0.0334342827305719,0.16675790857829836
F1,1.0,0.6011051647139356,0.327653259133736
