,root,intermediate,edge
DR,1.0,0.4836582491582492,0.030882657410790382
FPR,-0.0,0.0334342827305719,0.16874905902077625
F1,1.0,0.6011051647139356,0.367428676192849
