,root,intermediate,edge
DR,0.0,0.28793103448275864,-0.11702246698507149
FPR,-0.0,-0.04418890449438204,0.19700139540334063
F1,0.0,0.27313912818947916,0.06889298292044446
