,root,intermediate,edge
DR,1.0,0.18394955300127713,-0.1424837215976176
FPR,-0.0226415094339622,0.039308863706326004,0.21812622393557657
F1,0.9579439252336448,0.29160665718308537,0.07643168185850184
