,root,intermediate,edge
DR,1.0,0.3885579937304075,0.06817135862913097
FPR,-0.0,0.0181901739749807,0.11010209204600101
F1,1.0,0.4895144838841289,0.22080378991559074
