,root,intermediate,edge
DR,1.0,0.38498656515897894,0.06817135862913097
FPR,-0.0,0.02666475024616714,0.11010209204600101
F1,1.0,0.5372290881204723,0.22080378991559074
