,root,intermediate,edge
DR,1.0,0.016587512167367084,-0.2878943806884135
FPR,-0.12374581939799331,0.06469273132414328,0.2802291307198809
F1,0.912599318955732,0.1362238565407426,-0.1209159517640122
