,root,intermediate,edge
DR,1.0,0.05891849720941844,-0.006406134137922204
FPR,-0.0142302716688228,0.1353065348597112,0.09312124883423517
F1,0.959830866807611,0.19822610477541297,0.06969951251681228
