,root,intermediate,edge
DR,1.0,0.06115434035213627,0.020283055051266975
FPR,-0.0142302716688228,0.13751332270267463,0.0705360215615079
F1,0.959830866807611,0.2201225132557198,0.06867279195020749
