,root,intermediate,edge
DR,1.0,0.14289643688690407,-0.19706856309379125
FPR,-0.027027027027027,0.04631371579725365,0.2629351840406834
F1,0.9629629629629628,0.25331532732915407,0.05572180745288574
