,root,intermediate,edge
DR,1.0,0.13771672898122772,-0.1672646415251638
FPR,-0.027027027027027,0.045090628318577665,0.23555263370511287
F1,0.9629629629629628,0.26236716033960833,0.052164811912194554
