,root,intermediate,edge
DR,1.0,0.4972499861612765,0.009440058886261421
FPR,-0.0,0.01742811563942198,0.16139869994901587
F1,1.0,0.5979252329757172,0.37844572382058556
