,root,intermediate,edge
DR,1.0,0.06146014841635357,-0.12850624974747565
FPR,-0.0268456375838926,0.17192327059001647,0.19570378359469673
F1,0.96045197740113,0.29497241068153884,0.0719975568619225
