,root,intermediate,edge
DR,1.0,0.04747413443033954,-0.10060769902283799
FPR,-0.0268456375838926,0.16828338428609607,0.16835571729635418
F1,0.96045197740113,0.29781945697231915,0.06756765156535997
