,root,intermediate,edge
DR,1.0,0.5271922881785895,-0.10572356082760885
FPR,-0.0021299254526091,0.00955331413822376,0.13599010636057687
F1,0.9838709677419356,0.5343123806688317,0.18905444896187323
