,root,intermediate,edge
DR,1.0,0.5011802296083914,-0.044898818559567594
FPR,-0.0021299254526091,0.025816654888867918,0.14483238213713606
F1,0.9838709677419356,0.5987846001786451,0.25680334938311045
