,root,intermediate,edge
DR,1.0,0.05631828438420207,-0.30343483209227756
FPR,-0.1015625,0.053056524016322805,0.2964480959572922
F1,0.9475728155339804,0.1734549859116734,-0.12363417197095403
