,root,intermediate,edge
DR,1.0,0.000601028666946346,-0.30343483209227756
FPR,-0.1015625,0.08272897102981028,0.2964480959572922
F1,0.9475728155339804,0.12283164232833084,-0.12363417197095403
