,root,intermediate,edge
DR,1.0,0.1675087108013937,0.06272243865549623
FPR,-0.0,0.038906452331726946,0.13788260835963362
F1,1.0,0.32131288493345467,0.27172209812467374
