,root,intermediate,edge
DR,1.0,0.35717089190596346,0.06957583014157137
FPR,-0.0,0.04473472734674412,0.11824812176772885
F1,1.0,0.6018834300535556,0.2317176584021813
