,root,intermediate,edge
DR,1.0,0.3195275407696011,0.036287255995434656
FPR,-0.0,0.0642817668700013,0.11692078039806986
F1,1.0,0.5555276793412361,0.1761042562187441
