,root,intermediate,edge
DR,1.0,0.3298723683558079,0.036287255995434656
FPR,-0.0,0.053029112942188136,0.11692078039806986
F1,1.0,0.5271717215735137,0.1761042562187441
