,root,intermediate,edge
DR,1.0,0.1675087108013937,0.05433350000793689
FPR,-0.0,0.00801748820275358,0.13976711734936012
F1,1.0,0.19744071190728246,0.35258988408307956
