,root,intermediate,edge
DR,1.0,-0.03784909814548225,0.060806201550387594
FPR,0.045454545454545504,0.0787309897128498,0.09117771787960467
F1,0.97423887587822,0.050322128336234374,0.09238190730037296
