,root,intermediate,edge
DR,1.0,-0.034098845569204214,0.0748062015503876
FPR,0.045454545454545504,0.07862343606050701,0.072911051212938
F1,0.97423887587822,0.06581899854356629,0.08558758314855876
