,root,intermediate,edge
DR,1.0,0.09837127158555732,-0.12175922456684311
FPR,-0.0153649167733675,0.013972587060405762,0.19856804527535926
F1,0.9711751662971176,0.162364150888407,0.0845460335828502
