,root,intermediate,edge
DR,1.0,0.17328898060464884,-0.15675922456684313
FPR,-0.0153649167733675,0.030602531452389826,0.21485375956107355
F1,0.9711751662971176,0.28134197105883557,0.06982202328858918
