,root,intermediate,edge
DR,1.0,-0.10674216053901428,0.04893211289092295
FPR,-0.010738255033557,0.10438028407631476,0.07230556736081599
F1,0.96045197740113,0.024006774677671004,0.08168914340477801
