,root,intermediate,edge
DR,1.0,0.03392769592031584,0.01741037376048817
FPR,-0.010738255033557,0.14334284932312358,0.0724436889077773
F1,0.96045197740113,0.1799821303976898,0.06945770241623563
