,root,intermediate,edge
DR,1.0,0.023508401897930353,-0.4055105974472065
FPR,-0.16782006920415232,0.06643404748747808,0.3731643250340635
F1,0.8959660297239915,0.167905006276004,-0.19330383700825504
