,root,intermediate,edge
DR,1.0,0.034645299145299145,0.013429951690821257
FPR,-0.005517241379310395,0.13856714017388178,0.06565699006875478
F1,0.9532062391681108,0.1684565014813976,0.06873255176196354
