,root,intermediate,edge
DR,1.0,0.06033974358974359,0.013429951690821257
FPR,-0.005517241379310395,0.17508399410646605,0.06565699006875478
F1,0.9532062391681108,0.20195813908501453,0.06873255176196354
