,root,intermediate,edge
DR,1.0,0.27933138591366447,0.042313024298052074
FPR,-0.0,0.05786870849932144,0.12370844904081124
F1,1.0,0.5248297960453188,0.23969527755615228
