,root,intermediate,edge
DR,1.0,0.05527137433894895,0.006658749827894805
FPR,0.0041152263374486,0.16460744405957764,0.06596150087942153
F1,0.971326164874552,0.20417987780745445,0.059863217246803754
