,root,intermediate,edge
DR,1.0,0.5005369807497467,0.04641141141141142
FPR,-0.0,0.01157888542524462,0.1620845651279222
F1,1.0,0.6643314263984655,0.4313954971857335
