,root,intermediate,edge
DR,1.0,0.49477762061920477,0.04641141141141142
FPR,-0.0,0.01841107096221474,0.1620845651279222
F1,1.0,0.6638493435546986,0.4313954971857335
