,root,intermediate,edge
DR,1.0,0.2,0.08986538816153421
FPR,-0.0,-0.01070304302203568,0.1129848890140496
F1,1.0,0.127027027027027,0.24540836059981458
