,root,intermediate,edge
DR,1.0,0.36664820941596643,0.08192888022502627
FPR,-0.0,0.005363058189286281,0.11864123906741139
F1,1.0,0.3945200547444115,0.2708850677423419
