,root,intermediate,edge
DR,1.0,0.5794670846394985,0.0744292867475242
FPR,-0.0,0.0004184100418410001,0.12753338552150276
F1,1.0,0.5871889024887801,0.369304904286221
