,root,intermediate,edge
DR,1.0,0.5758956560680699,0.0744292867475242
FPR,-0.0,0.00889298631302744,0.12753338552150276
F1,1.0,0.6349035067251234,0.369304904286221
