,root,intermediate,edge
DR,1.0,0.10937759336099587,-0.10686740619779642
FPR,-0.0138888888888888,0.01487876170283312,0.19238169079560657
F1,0.97423887587822,0.15632908075861093,0.08537365196103278
