,root,intermediate,edge
DR,1.0,0.19357642140706574,-0.13766740619779644
FPR,-0.0138888888888888,0.0342576725561253,0.20758169079560657
F1,0.97423887587822,0.29571552966613684,0.07940238654200338
