,root,intermediate,edge
DR,1.0,-0.054103378156399116,0.011649341649341654
FPR,-0.0157367668097282,0.24513620407375,0.07152991037309804
F1,0.9772727272727272,0.21406514336446714,0.07196085648098031
