,root,intermediate,edge
DR,1.0,0.02690020607299156,0.011649341649341654
FPR,-0.0157367668097282,0.16552455358831308,0.07152991037309804
F1,0.9772727272727272,0.2148536951022484,0.07196085648098031
