,root,intermediate,edge
DR,1.0,0.16767435463087638,-0.1807279548811243
FPR,-0.0219478737997256,0.052544265430786954,0.23789114561689245
F1,0.971326164874552,0.29319447931091264,0.056277159126056506
