,root,intermediate,edge
DR,1.0,0.3035465308825965,0.12980502935637533
FPR,-0.0,0.019547604111373858,0.1472915729598357
F1,1.0,0.4013046893083347,0.3564850659613586
