,root,intermediate,edge
DR,1.0,0.048232402986496135,-0.09162473597256207
FPR,-0.0197628458498023,0.1586889834080006,0.168153886244575
F1,0.9698189134808852,0.2686793659835314,0.07831856708652499
