,root,intermediate,edge
DR,1.0,-0.10362251328985586,0.05303657694962042
FPR,-0.005270092226613898,0.095968706061039,0.05988861642095311
F1,0.9698189134808852,0.017245531014366877,0.07662048859974899
