,root,intermediate,edge
DR,1.0,0.05862673980446766,0.020100069013112475
FPR,-0.005270092226613898,0.15569666331146406,0.0634982420894023
F1,0.9698189134808852,0.2009058635939463,0.0712980788517735
