,root,intermediate,edge
DR,1.0,0.04135955075281914,-0.0998714892193153
FPR,-0.0197628458498023,0.15595985202082172,0.16666506269656528
F1,0.9698189134808852,0.2662119239221806,0.07898874120873864
