,root,intermediate,edge
DR,1.0,0.0,0.1
FPR,-0.0,-0.0,0.09405902753202634
F1,1.0,0.0,0.1588842656803822
