,root,intermediate,edge
DR,1.0,0.3194472194472195,0.08571428571428572
FPR,-0.0,0.03487391335874558,0.09124212612357561
F1,1.0,0.28127537250994467,0.17643467643467645
