,root,intermediate,edge
DR,1.0,0.043789310526297684,-0.3841335940915949
FPR,-0.1538461538461538,0.06599191445601478,0.359185549788507
F1,0.8922018348623854,0.18376852853586176,-0.1687910247253277
