,root,intermediate,edge
DR,1.0,0.14823883161512028,0.15200216450216447
FPR,-0.0,0.018298482183571118,0.13723675231717652
F1,1.0,0.21495645812103636,0.381076952043481
