,root,intermediate,edge
DR,1.0,0.3261049606131573,0.05030209079844552
FPR,-0.0,0.02204814742488844,0.1325995255590271
F1,1.0,0.4584928234896085,0.2987007477009846
