,root,intermediate,edge
DR,1.0,0.34201405152224823,0.05030209079844552
FPR,-0.0,0.01108323514418668,0.1325995255590271
F1,1.0,0.437373397342076,0.2987007477009846
