,root,intermediate,edge
DR,0.0,0.0,0.1
FPR,-0.0,-0.0,0.09876288659793817
F1,0.0,0.0,0.09090909090909091
