,root,intermediate,edge
DR,1.0,0.3666666666666667,0.09083333333333332
FPR,-0.0,0.00468216394532182,0.09876825601374568
F1,1.0,0.31595843587640143,0.1011682542942974
