,root,intermediate,edge
DR,1.0,0.23848463715916957,-0.2773394280038347
FPR,-0.0137741046831955,0.05459370619729359,0.3009853637143137
F1,0.982078853046595,0.36903976532228616,0.03782097687613044
