,root,intermediate,edge
DR,1.0,0.2423379485986879,-0.24516888536817577
FPR,-0.0137741046831955,0.05660075853671457,0.27389641492725175
F1,0.982078853046595,0.38899607481944704,0.03649747383317038
