,root,intermediate,edge
DR,1.0,0.10937759336099587,-0.10836979797716215
FPR,-0.0138888888888888,0.0143489603783298,0.19346073946619233
F1,0.97423887587822,0.15632908075861093,0.08584375116728639
