,root,intermediate,edge
DR,1.0,0.19357642140706574,-0.13836979797716217
FPR,-0.0138888888888888,0.03369932303995076,0.20866073946619235
F1,0.97423887587822,0.29571552966613684,0.08022345407453102
