,root,intermediate,edge
DR,1.0,0.0384008533602165,-0.467009860554085
FPR,-0.1407678244972577,0.08432676781663759,0.4335068741017693
F1,0.9216683621566631,0.17968049984256135,-0.21602516082781592
