,root,intermediate,edge
DR,1.0,0.14823883161512028,-0.021255002969439385
FPR,-0.0,0.02162725555338416,0.17457032907028197
F1,1.0,0.2586464757485091,0.3421113456980561
