,root,intermediate,edge
DR,1.0,0.25707216494845364,-0.000842722267684981
FPR,-0.0,0.02150648690230794,0.17096858092498973
F1,1.0,0.45515431557193275,0.350951984928889
