,root,intermediate,edge
DR,1.0,0.41707216494845356,0.06666289570984311
FPR,-0.0,0.03625396164978268,0.16417226430101117
F1,1.0,0.6006088610264783,0.38867702372331603
