,root,intermediate,edge
DR,0.0,0.0,0.1
FPR,-0.0,-0.0,0.0962809917355372
F1,0.0,0.0,0.07804878048780488
