,root,intermediate,edge
DR,1.0,0.3833333333333333,0.08162367724867722
FPR,-0.0,0.00106295769453664,0.10300874891968181
F1,1.0,0.3359584358764014,0.14822730889149566
