,root,intermediate,edge
DR,1.0,0.14289643688690407,-0.20072930865022237
FPR,-0.027027027027027,0.04434742366242219,0.2607218584592024
F1,0.9629629629629628,0.25331532732915407,0.05838427849621218
