,root,intermediate,edge
DR,1.0,0.13771672898122772,-0.17092538708159494
FPR,-0.027027027027027,0.043124336183746205,0.233339308123632
F1,0.9629629629629628,0.26236716033960833,0.054827282955520994
