,root,intermediate,edge
DR,1.0,-0.04495039843877056,0.07355769230769231
FPR,0.060794044665012495,0.10329025116785562,0.07247474747474747
F1,0.9627791563275434,0.058472165974553514,0.08476454293628809
