,root,intermediate,edge
DR,1.0,-0.01438561438561441,0.07355769230769231
FPR,0.060794044665012495,0.07496407091034488,0.07247474747474747
F1,0.9627791563275434,0.05727733910763655,0.08476454293628809
