,root,intermediate,edge
DR,1.0,0.06609260304912477,0.008467770218138448
FPR,-0.005486968449931403,0.18214656045116032,0.06093974598457019
F1,0.971326164874552,0.22104787188726033,0.06337242452512522
