,root,intermediate,edge
DR,1.0,0.31373241816057995,0.02399153086728071
FPR,-0.0021299254526091,0.012028543068918198,0.137415626558042
F1,0.9838709677419356,0.39524289382728583,0.22381890097871104
