,root,intermediate,edge
DR,1.0,0.15687300203429236,0.05794763750320312
FPR,-0.0,0.01533929766324316,0.13701791674300803
F1,1.0,0.24142797569403074,0.24679711253203185
