,root,intermediate,edge
DR,1.0,0.33948169768646624,0.05836820637546765
FPR,-0.0,0.0157487142446147,0.14309195059589297
F1,1.0,0.43233706660312166,0.2808463093725674
