,root,intermediate,edge
DR,1.0,0.18148936170212765,0.09
FPR,-0.0,0.02264385292417072,0.09383670931979485
F1,1.0,0.25163873370577283,0.1823911630929175
