,root,intermediate,edge
DR,1.0,0.331015378133558,0.09
FPR,-0.0,0.04090712084340472,0.09383670931979485
F1,1.0,0.4043175767580399,0.1823911630929175
