,root,intermediate,edge
DR,1.0,0.11266476543510429,-0.1359226557882137
FPR,-0.0359897172236503,0.09282257386282287,0.22193525059136543
F1,0.940677966101695,0.2872458823197963,0.08949362277789438
