,root,intermediate,edge
DR,1.0,0.1665109192812581,-0.1359226557882137
FPR,-0.0359897172236503,0.04436319010932146,0.22193525059136543
F1,0.940677966101695,0.2854547082693005,0.08949362277789438
