,root,intermediate,edge
DR,1.0,0.25086673610103627,-0.24129292244232933
FPR,-0.0339425587467362,0.04807096342092058,0.2717928927555772
F1,0.9473684210526316,0.39725252230518554,0.04856260614318942
