,root,intermediate,edge
DR,0.0,0.2,0.040450517108140537
FPR,-0.0,-0.00486725663716814,0.1238444928128094
F1,0.0,0.17943925233644858,0.20937802131416722
