,root,intermediate,edge
DR,1.0,0.3804166666666666,0.04267366310082428
FPR,-0.0,0.005142268041237121,0.1259854096135559
F1,1.0,0.4382395382395382,0.2245288205634715
