,root,intermediate,edge
DR,0.0,0.0,0.09936507936507938
FPR,-0.0,-0.0,0.05649635036496351
F1,0.0,0.0,0.08048505256043545
