,root,intermediate,edge
DR,1.0,0.24169442354212958,-0.22602022860006313
FPR,-0.0200286123032904,0.05237403141810838,0.2823687666299043
F1,0.9772727272727272,0.39780118500786915,0.06517767304344184
