,root,intermediate,edge
DR,1.0,0.2201890471980435,-0.22602022860006313
FPR,-0.0200286123032904,0.06763061949023041,0.2823687666299043
F1,0.9772727272727272,0.39255374124508796,0.06517767304344184
