,root,intermediate,edge
DR,0.0,0.2,0.036941745178315985
FPR,-0.0,-0.00486725663716814,0.12383516783292317
F1,0.0,0.17943925233644858,0.23157877881097452
