,root,intermediate,edge
DR,1.0,0.3804166666666666,0.07410865874363327
FPR,-0.0,0.028342268041237118,0.09068051652056337
F1,1.0,0.4382395382395382,0.10082647752261142
