,root,intermediate,edge
DR,0.0,0.36300527690967777,-0.23118831073525947
FPR,-0.0,-0.05148569095354015,0.2503439275276868
F1,0.0,0.3684602795771811,0.007084408223158445
