,root,intermediate,edge
DR,1.0,-0.2819292969942288,-0.22238915433283796
FPR,-0.09765625,0.3615784189443335,0.21431717701177755
F1,0.9475728155339804,0.0007786594662944846,-0.09604038699140775
