,root,intermediate,edge
DR,1.0,-0.17465278971772152,-0.22238915433283796
FPR,-0.09765625,0.2536786116225609,0.21431717701177755
F1,0.9475728155339804,0.03318106737234666,-0.09604038699140775
