,root,intermediate,edge
DR,0.0,0.3966666666666666,0.1518660968660969
FPR,-0.0,-0.024181457391687804,0.11603285708929563
F1,0.0,0.2327540983606557,0.26557676693718957
