,root,intermediate,edge
DR,1.0,0.5194642857142857,0.13568718100311053
FPR,-0.0,0.00745335007871234,0.12358314551428033
F1,1.0,0.560484718726903,0.29139404631575616
