,root,intermediate,edge
DR,1.0,-0.07437790397521944,0.0354602495441297
FPR,0.05665722379603401,0.11129668129668131,0.08591407318788805
F1,0.9686985172981878,0.039057031606655926,0.07804810560117789
