,root,intermediate,edge
DR,1.0,-0.052657342657342655,0.06498054474708172
FPR,0.05665722379603401,0.11896886016451233,0.0620457604306864
F1,0.9686985172981878,0.06627305249724033,0.07877358490566037
