,root,intermediate,edge
DR,1.0,0.07557636162287325,0.018663415967918335
FPR,-0.003722084367245599,0.10827055736841555,0.05797422898183354
F1,0.9627791563275434,0.179686566201835,0.07097623191295402
