,root,intermediate,edge
DR,1.0,0.10082553105808918,0.018663415967918335
FPR,-0.003722084367245599,0.15233350443565447,0.05797422898183354
F1,0.9627791563275434,0.21752869720904644,0.07097623191295402
