,root,intermediate,edge
DR,1.0,0.03784658402803265,-0.4120378722159911
FPR,-0.1661237785016286,0.059338810434700864,0.37429545330693087
F1,0.8832951945080092,0.184010775070484,-0.20130148975587114
