,root,intermediate,edge
DR,1.0,-0.21500390833916155,-0.008867941588679418
FPR,-0.1175406871609403,0.196802109737051,0.05846615622416333
F1,0.91317671092952,-0.06658336644167667,0.04004665051783681
