,root,intermediate,edge
DR,1.0,0.4793313859136645,0.03944417183903568
FPR,-0.0,0.019649381680646078,0.1617820456213312
F1,1.0,0.6180451352783571,0.36842188237651136
