,root,intermediate,edge
DR,1.0,0.11669694068034317,-0.10289477817164476
FPR,-0.0138888888888888,0.14607858884564903,0.1796735828541375
F1,0.97423887587822,0.328503666569455,0.0969271647307479
