,root,intermediate,edge
DR,1.0,0.10620189117539267,-0.08049477817164477
FPR,-0.0138888888888888,0.14315073942076234,0.15794024952080418
F1,0.97423887587822,0.3357947028888833,0.09174317890160079
