,root,intermediate,edge
DR,1.0,0.01703097114741143,-0.29111460432771114
FPR,-0.12207357859531771,0.06084657747798942,0.280730043917652
F1,0.912599318955732,0.13643480306507122,-0.11444942214304894
