,root,intermediate,edge
DR,1.0,0.5583397759656894,0.09088473807602136
FPR,-0.0,0.011310506938684602,0.13983382147918327
F1,1.0,0.666747952901799,0.30576827473400536
