,root,intermediate,edge
DR,1.0,-0.18002956393200298,0.08389204202626056
FPR,0.0010695187165775,0.03676863276108844,0.10092095150291909
F1,1.0,0.029674163656488516,0.10864866464060366
