,root,intermediate,edge
DR,1.0,-0.01212121212121211,0.08888888888888888
FPR,0.0010695187165775,0.02619520244365896,0.09361256544502616
F1,1.0,0.14153323992532846,0.09411764705882351
