,root,intermediate,edge
DR,1.0,0.13901287377797444,-0.23759765982374836
FPR,-0.0269121813031161,0.03383028853617089,0.28031089232775397
F1,0.9686985172981878,0.24374583175090106,0.03849815085893221
