,root,intermediate,edge
DR,1.0,0.21051480585037624,-0.2674869587167373
FPR,-0.0269121813031161,0.05822255287408742,0.2980063655787828
F1,0.9686985172981878,0.3696245582875223,0.02871644493021356
