,root,intermediate,edge
DR,1.0,0.16166666666666665,0.07555555555555556
FPR,-0.0010405827263267,0.02689468225974056,0.10181146855044579
F1,0.9873417721518988,0.35653784918222603,0.11492248227193466
