,root,intermediate,edge
DR,1.0,-0.02141414141414142,0.09693877551020408
FPR,-0.0,0.01539801137338812,0.09578713968957872
F1,0.9873417721518988,0.0907536907536907,0.09844559585492228
