,root,intermediate,edge
DR,0.0,0.36843609256095666,-0.19599883519177133
FPR,-0.0,-0.040964831081306066,0.24558004381680335
F1,0.0,0.3753044333355584,0.04468430307932304
