,root,intermediate,edge
DR,1.0,0.26445461107947515,-0.22146008980431744
FPR,-0.0226415094339622,0.04253293711940198,0.26670487234903933
F1,0.9579439252336448,0.3937719623291646,0.052223002017380435
