,root,intermediate,edge
DR,1.0,0.1641943296509377,-0.1551431206454948
FPR,-0.0339425587467362,0.04099596870655846,0.22534247286410455
F1,0.9473684210526316,0.28354866954969893,0.08149593123549197
