,root,intermediate,edge
DR,1.0,0.07944366892555388,-0.4038493278196354
FPR,-0.1286764705882354,0.03668564939942424,0.38063328256811013
F1,0.926829268292683,0.22574695598537406,-0.1962643173755934
