,root,intermediate,edge
DR,1.0,0.0302911265526725,-0.4038493278196354
FPR,-0.1286764705882354,0.07986746758124241,0.38063328256811013
F1,0.926829268292683,0.18487512806338896,-0.1962643173755934
