,root,intermediate,edge
DR,1.0,0.29573883161512027,0.14366883116883117
FPR,-0.0,0.020210353531094898,0.13834153266991514
F1,1.0,0.3897843486770823,0.3727282635612216
