,root,intermediate,edge
DR,1.0,0.13297034660801527,-0.1029970900458442
FPR,-0.030848329048843198,0.12981560861883973,0.15952932335740372
F1,0.940677966101695,0.30952013930869093,0.05427126072763401
