,root,intermediate,edge
DR,1.0,0.08541789905556767,-0.1029970900458442
FPR,-0.030848329048843198,0.16819095875889575,0.15952932335740372
F1,0.940677966101695,0.3095629086217088,0.05427126072763401
