,root,intermediate,edge
DR,1.0,0.16859580769556692,-0.1375284972347369
FPR,-0.020242914979757,0.05224031342897552,0.22213662265805975
F1,0.9718574108818012,0.29021612157365084,0.09341348082800363
