,root,intermediate,edge
DR,1.0,0.23469407186620303,0.06869391824526419
FPR,-0.0,0.06040513061968518,0.08872911763529415
F1,1.0,0.365253187162412,0.15605000102629366
