,root,intermediate,edge
DR,0.0,0.36300527690967777,-0.23190394708441575
FPR,-0.0,-0.0537093029332497,0.2532360582493781
F1,0.0,0.3684602795771811,0.014954658442228925
