,root,intermediate,edge
DR,1.0,0.04323774954627948,-0.34981418948773363
FPR,-0.10031347962382439,0.0628150040609057,0.35097420290212683
F1,0.914141414141414,0.16595058075885075,-0.1444546748085467
