,root,intermediate,edge
DR,1.0,0.14831072358173264,-0.19979558126205144
FPR,-0.0197628458498023,0.02233500648545337,0.2619181268931735
F1,0.9698189134808852,0.2334499878922708,0.06599457765835175
