,root,intermediate,edge
DR,1.0,0.2337994132957745,-0.23233526380173403
FPR,-0.0197628458498023,0.05245857947549465,0.28050101459370824
F1,0.9698189134808852,0.3783240360342928,0.06083903322622848
