,root,intermediate,edge
DR,1.0,0.11396966795307048,-0.1040877606277851
FPR,-0.0138888888888888,0.14531109546946003,0.17976091769656555
F1,0.97423887587822,0.3275413525658394,0.10226534561274803
