,root,intermediate,edge
DR,1.0,0.10347461844811998,-0.0816877606277851
FPR,-0.0138888888888888,0.1423832460445733,0.15802758436323222
F1,0.97423887587822,0.3348323888852677,0.09708135978360091
