,root,intermediate,edge
DR,1.0,-0.07580658819544417,0.05628217054263566
FPR,-0.0012626262626261996,0.08613843589944943,0.0672880503144654
F1,0.97423887587822,0.03685358382109492,0.07997011817625507
