,root,intermediate,edge
DR,1.0,0.09573917862613593,0.025082170542635656
FPR,-0.0012626262626261996,0.1322630188800798,0.06742138364779873
F1,0.97423887587822,0.22033832319136942,0.07382404613912011
