,root,intermediate,edge
DR,1.0,-0.12700972020432383,-0.03541845742984264
FPR,-0.087603305785124,0.22198491948163634,0.053532914108434956
F1,0.914351851851852,0.029403935416016623,0.014101089582335542
