,root,intermediate,edge
DR,1.0,0.3082365790662171,-0.24656887723441004
FPR,-0.0359897172236503,0.01044990885056032,0.27663947304956077
F1,0.940677966101695,0.40610570765161674,0.031968908615890426
