,root,intermediate,edge
DR,1.0,0.2606841315137695,-0.24656887723441004
FPR,-0.0359897172236503,0.049945707169888054,0.27663947304956077
F1,0.940677966101695,0.4061484769646347,0.031968908615890426
