,root,intermediate,edge
DR,1.0,0.11045343883140599,0.09044975642913791
FPR,-0.0010570824524312,0.054970109700680704,0.08996561884523949
F1,0.9908256880733946,0.42098759795116214,0.09597691173773201
