,root,intermediate,edge
DR,1.0,0.0,0.1
FPR,-0.0,-0.0,0.09153862372219698
F1,1.0,0.0,0.11414106145251397
