,root,intermediate,edge
DR,1.0,0.3496269328202217,0.09206349206349206
FPR,-0.0,0.0249229498210027,0.09260585958132185
F1,1.0,0.3792819595063162,0.13961776859504132
