,root,intermediate,edge
DR,1.0,0.1684319303884521,-0.18543685259214465
FPR,-0.020576131687242802,0.05084262874356278,0.2355467370021406
F1,0.971326164874552,0.29353629614167615,0.05741870935103168
