,root,intermediate,edge
DR,1.0,-0.0499607535321821,0.052164251207729474
FPR,0.043533930857874506,0.08098191547200048,0.09040010808863268
F1,0.9711751662971176,0.04668760656881656,0.08484843311715623
