,root,intermediate,edge
DR,1.0,-0.036662531017369736,0.0714975845410628
FPR,0.043533930857874506,0.08406188319981424,0.07225725094577554
F1,0.9711751662971176,0.06809646185301961,0.08338028169014085
