,root,intermediate,edge
DR,1.0,0.018918808125797493,-0.278272188394729
FPR,-0.1628664495114006,0.07350579742426262,0.27740074541705334
F1,0.8832951945080092,0.14111851187641514,-0.10357938232346182
