,root,intermediate,edge
DR,1.0,0.26355414392466026,-0.24524534042316923
FPR,-0.0186104218362282,0.036500510964895726,0.27173041576930534
F1,0.9627791563275434,0.38505846664823223,0.03941459346647801
