,root,intermediate,edge
DR,1.0,0.25926713947990543,0.0891891891891892
FPR,-0.0,0.08141151184927166,0.08667877288832532
F1,1.0,0.5221417571945783,0.1819400352733686
