,root,intermediate,edge
DR,1.0,0.2868411126826968,0.0891891891891892
FPR,-0.0,0.05437642049836994,0.08667877288832532
F1,1.0,0.46691842930119626,0.1819400352733686
