,root,intermediate,edge
DR,1.0,0.5104534388314059,0.02400031265167817
FPR,-0.0010570824524312,0.020922373176689102,0.15088984796362345
F1,0.9908256880733946,0.6323285941197445,0.2838959248615014
