,root,intermediate,edge
DR,1.0,0.3256973412704304,0.05463916532442912
FPR,-0.0010570824524312,0.0397468726242086,0.11717822246270652
F1,0.9908256880733946,0.5306284378380764,0.17106557585252366
