,root,intermediate,edge
DR,1.0,-0.13072480295770372,0.0401985111662531
FPR,0.0661157024793389,0.15251453600781817,0.042713567839195984
F1,0.914351851851852,-0.033832645274206194,0.05734513274336284
