,root,intermediate,edge
DR,1.0,0.15206891625130042,-0.13824325393107612
FPR,-0.0173697270471464,0.07482325119579097,0.21535377014342635
F1,0.9627791563275434,0.2939617854146288,0.09689795086081865
