,root,intermediate,edge
DR,1.0,0.19525828502206455,-0.13824325393107612
FPR,-0.0173697270471464,0.033907657490497685,0.21535377014342635
F1,0.9627791563275434,0.29193402252554834,0.09689795086081865
