,root,intermediate,edge
DR,1.0,-0.09356651532401802,-0.4154207415664578
FPR,-0.10546875,0.18730653284926677,0.38134074108559796
F1,0.9475728155339804,0.13050188042870586,-0.20973946049298461
