,root,intermediate,edge
DR,1.0,0.01412579236828968,-0.4154207415664578
FPR,-0.10546875,0.0782506561633323,0.38134074108559796
F1,0.9475728155339804,0.16277338400400643,-0.20973946049298461
