,root,intermediate,edge
DR,1.0,0.23848463715916957,-0.280655378893761
FPR,-0.0137741046831955,0.05161172070021867,0.300530924371072
F1,0.982078853046595,0.36903976532228616,0.0376182542128319
