,root,intermediate,edge
DR,1.0,0.2423379485986879,-0.24848483625810208
FPR,-0.0137741046831955,0.05361877303963965,0.27344197558400996
F1,0.982078853046595,0.38899607481944704,0.03629475116987184
