,root,intermediate,edge
DR,1.0,0.0,0.08947368421052632
FPR,0.0010427528675703,0.008238928939237899,0.09604989604989606
F1,1.0,0.08102731054440226,0.09444444444444444
