,root,intermediate,edge
DR,1.0,-0.1167697240352685,0.04175163398692809
FPR,-0.0189189189189189,0.10690470192492922,0.06723100238146787
F1,0.9629629629629628,0.016859070978626912,0.07946154276796899
