,root,intermediate,edge
DR,1.0,0.0276440639940145,0.01547712418300653
FPR,-0.0189189189189189,0.14915059290261604,0.07072093526737389
F1,0.9629629629629628,0.17820825766128784,0.07564189264752512
