,root,intermediate,edge
DR,1.0,0.15780219780219779,0.06573582906358426
FPR,-0.0,0.016691207582296676,0.11982884554410356
F1,1.0,0.26880877742946707,0.24409588221478112
