,root,intermediate,edge
DR,1.0,0.12560106560106557,0.07117932174111949
FPR,-0.0,0.03710237075428838,0.11078883540344982
F1,1.0,0.3440658909730029,0.234452924268061
