,root,intermediate,edge
DR,1.0,0.30801864801864803,0.0633871139489117
FPR,-0.0,0.0361187819239911,0.11111386248904027
F1,1.0,0.4286779699125421,0.23194672006442954
