,root,intermediate,edge
DR,1.0,0.02130761902316163,-0.4051506678028208
FPR,-0.166077738515901,0.0737677855711643,0.3721160182627676
F1,0.9022869022869024,0.1632231681640541,-0.209746001165173
