,root,intermediate,edge
DR,1.0,0.02083226616783662,-0.12524163953057177
FPR,-0.0269121813031161,0.18108990764681301,0.1767853681429516
F1,0.9686985172981878,0.27207353787935906,0.054663051654795444
