,root,intermediate,edge
DR,1.0,0.04078323760786373,-0.014158085430968753
FPR,-0.0201342281879195,0.16281853263275403,0.09594834142304337
F1,0.96045197740113,0.1906440481404681,0.0706595771806402
