,root,intermediate,edge
DR,1.0,0.027238887221408103,0.012653508771929806
FPR,-0.0201342281879195,0.15920416582690536,0.06887651821862348
F1,0.96045197740113,0.1936208575264492,0.06590288926654045
