,root,intermediate,edge
DR,1.0,0.08676925051588122,0.001344655214220447
FPR,-0.0089628681177977,0.1373949442513311,0.0905891683812305
F1,0.9711751662971176,0.2168542178021334,0.08352195165931993
