,root,intermediate,edge
DR,1.0,0.08398232929578034,0.027677988547553767
FPR,-0.0089628681177977,0.13648575138160296,0.0695891683812305
F1,0.9711751662971176,0.22893354581969177,0.08371064235554446
