,root,intermediate,edge
DR,1.0,0.042252527871402636,-0.364393978206677
FPR,-0.1050156739811912,0.05518605256310176,0.34316552059838556
F1,0.914141414141414,0.16562502920526714,-0.1455492207412874
