,root,intermediate,edge
DR,1.0,0.07610553455291709,-0.3847867141347415
FPR,-0.1050156739811912,0.055912005376168895,0.3525652357917255
F1,0.914141414141414,0.2214048457190286,-0.1802898960612927
