,root,intermediate,edge
DR,1.0,0.3418021978021978,0.019502361553520996
FPR,-0.0,0.0052040280951172,0.12439700144510457
F1,1.0,0.3188087774294671,0.27691159051110714
