,root,intermediate,edge
DR,1.0,0.3096010656010656,0.09622244997573708
FPR,-0.0,0.0256151912671089,0.13147178159142653
F1,1.0,0.39406589097300293,0.349005038268165
