,root,intermediate,edge
DR,1.0,0.4920186480186481,0.08713154088482798
FPR,-0.0,0.024651022633595598,0.13179680867701699
F1,1.0,0.4786779699125421,0.3458878939745501
