,root,intermediate,edge
DR,1.0,-0.049699312714776636,0.06488095238095237
FPR,0.0011223344556677,0.04245814604911734,0.09904471385908255
F1,1.0,0.12488391948751772,0.11574353536177504
