,root,intermediate,edge
DR,1.0,-0.055532646048109945,0.08571428571428572
FPR,0.0011223344556677,0.04234233322652636,0.08902316213494461
F1,1.0,0.1683091787439614,0.09230769230769233
