,root,intermediate,edge
DR,1.0,0.023443775543427782,-0.4691831011964972
FPR,-0.1614678899082569,0.08413147109499,0.4345178336477346
F1,0.9118236472945892,0.17309777359060236,-0.22812073824650017
