,root,intermediate,edge
DR,0.0,0.36074941451990633,0.06928571428571428
FPR,-0.0,0.01645508151231358,0.11027452356141713
F1,0.0,0.42459957096787615,0.25371112401173057
