,root,intermediate,edge
DR,1.0,0.5606840983100118,0.06082706766917294
FPR,-0.0,0.00243372618062218,0.11944111949271892
F1,1.0,0.5533042558515447,0.3126103579370045
