,root,intermediate,edge
DR,1.0,0.37707754093296264,0.07796992481203009
FPR,-0.0,0.00243372618062218,0.10837708936089221
F1,1.0,0.36185126439855325,0.22571368651817356
