,root,intermediate,edge
DR,1.0,0.32185312216494993,0.040863208896008155
FPR,-0.0,0.06449612914224137,0.1174718544806427
F1,1.0,0.5563883588085539,0.18969480628066152
