,root,intermediate,edge
DR,1.0,0.3321979497511568,0.040863208896008155
FPR,-0.0,0.05324347521442822,0.1174718544806427
F1,1.0,0.5280324010408314,0.18969480628066152
