,root,intermediate,edge
DR,1.0,0.16420019870839545,0.08643662632517121
FPR,-0.0,0.02456431902397882,0.11304005065365823
F1,1.0,0.2697388252343017,0.24048964881008228
