,root,intermediate,edge
DR,1.0,0.33566484517304185,0.08611764705882352
FPR,-0.0,0.03317559241431642,0.09482505151681143
F1,1.0,0.42269347316084327,0.15502525252525254
