,root,intermediate,edge
DR,1.0,0.28385222083852224,0.0734551107656432
FPR,-0.0021299254526091,0.03497802078496866,0.08752403155392627
F1,0.9838709677419356,0.32486837369873245,0.10820472792149864
