,root,intermediate,edge
DR,1.0,0.2652475696757315,0.0734551107656432
FPR,-0.0021299254526091,0.04701303172588768,0.08752403155392627
F1,0.9838709677419356,0.3630820898071853,0.10820472792149864
