,root,intermediate,edge
DR,1.0,0.16420019870839545,0.07383694530443755
FPR,-0.0,0.02267950227005212,0.11441495445791908
F1,1.0,0.2697388252343017,0.2598937360263641
