,root,intermediate,edge
DR,1.0,0.3306143401225368,0.07032817337461299
FPR,-0.0,0.032547923322683706,0.11586011956679969
F1,1.0,0.4805848614816794,0.2840920042259328
