,root,intermediate,edge
DR,1.0,0.31373241816057995,0.024317774671785364
FPR,-0.0021299254526091,0.01160027754429294,0.1375589442087249
F1,0.9838709677419356,0.39524289382728583,0.2444176727128707
