,root,intermediate,edge
DR,1.0,-0.005405405405405394,0.09595959595959595
FPR,-0.0,0.009605713199236959,0.09778024417314096
F1,1.0,0.14314449284651234,0.0979381443298969
