,root,intermediate,edge
DR,1.0,0.17615364907018788,-0.24312872479601247
FPR,-0.019047619047619,0.05367409021392784,0.30927958939895517
F1,0.9742647058823528,0.28295836051224765,0.07260004959446467
