,root,intermediate,edge
DR,1.0,0.05945158510055726,-0.10010997159580763
FPR,-0.019047619047619,0.16649008608687615,0.16784901228957763
F1,0.9742647058823528,0.30344993348344784,0.07041564444349592
