,root,intermediate,edge
DR,0.0,0.2,0.09964387464387467
FPR,-0.0,-0.009533678756476701,0.09980820866896818
F1,0.0,0.11475409836065573,0.14295108572300858
