,root,intermediate,edge
DR,1.0,0.3427976190476191,0.0834649587808883
FPR,-0.0,0.02210112871392344,0.10735849709395287
F1,1.0,0.451206368211439,0.16876836510157517
