,root,intermediate,edge
DR,1.0,0.04662325405778985,0.017096513299784337
FPR,-0.0111662531017369,0.18329969299370955,0.06270144189991517
F1,0.9627791563275434,0.21670053035847037,0.07094064623262888
