,root,intermediate,edge
DR,1.0,0.08781926734682641,0.017096513299784337
FPR,-0.0111662531017369,0.14295634535422455,0.06270144189991517
F1,0.9627791563275434,0.21407735417825977,0.07094064623262888
