,root,intermediate,edge
DR,1.0,0.25086673610103627,-0.2366117887849435
FPR,-0.0339425587467362,0.04832337379205256,0.27526187542141267
F1,0.9473684210526316,0.39725252230518554,0.05654456767569669
