,root,intermediate,edge
DR,1.0,0.2836582491582492,0.012132657410790382
FPR,-0.0,0.06584453914082831,0.1288495107230768
F1,1.0,0.5655179761018359,0.24929694130242924
