,root,intermediate,edge
DR,1.0,-0.05176116838487972,0.062103174603174605
FPR,-0.0,0.04266823008273078,0.0985916501718929
F1,1.0,0.1243904203851873,0.1617687373211251
