,root,intermediate,edge
DR,1.0,0.262405498281787,0.053769841269841266
FPR,-0.0,0.052701928841422066,0.0952511329305136
F1,1.0,0.3711796975142916,0.16189972325105204
