,root,intermediate,edge
DR,1.0,-0.15031484293162906,0.03904109589041096
FPR,0.0253164556962025,0.18874101118025463,0.03523131672597864
F1,0.91317671092952,-0.025053212277404025,0.05615763546798029
