,root,intermediate,edge
DR,1.0,0.046387505710914344,-0.11445321472122201
FPR,-0.0219478737997256,0.1709132521074627,0.17220773056236008
F1,0.971326164874552,0.2757497112824544,0.06855955370181435
