,root,intermediate,edge
DR,1.0,0.019178473596263883,-0.351759369625768
FPR,-0.1695501730103806,0.08867723135913137,0.3419801285490475
F1,0.8959660297239915,0.1430693540792317,-0.13630394237260857
