,root,intermediate,edge
DR,1.0,0.08658686145895449,-0.11122048252889374
FPR,-0.035862068965517295,0.1434806587380257,0.17165517428710772
F1,0.9532062391681108,0.2750319481320013,0.061805873679818546
