,root,intermediate,edge
DR,1.0,0.03589241701451007,-0.11122048252889374
FPR,-0.035862068965517295,0.17803122053577852,0.17165517428710772
F1,0.9532062391681108,0.2695900785622012,0.061805873679818546
