,root,intermediate,edge
DR,1.0,0.34212305611899935,0.0468106466790677
FPR,-0.0,-0.0004508604912062799,0.12695732821265748
F1,1.0,0.39250014157507607,0.23077577845784542
