,root,intermediate,edge
DR,1.0,0.3385516275475708,0.0468106466790677
FPR,-0.0,0.00802371577998016,0.12695732821265748
F1,1.0,0.4402147458114195,0.23077577845784542
