,root,intermediate,edge
DR,1.0,0.006020019291721879,-0.2837696588946053
FPR,-0.1428571428571428,0.08510581010323216,0.29318533634292354
F1,0.91317671092952,0.1277981142688773,-0.11758842094517603
