,root,intermediate,edge
DR,1.0,0.16643202422182168,-0.14595436924790256
FPR,-0.0245795601552393,0.041335725105121617,0.23355374461200343
F1,0.959830866807611,0.26915659256642144,0.09542617605465056
