,root,intermediate,edge
DR,1.0,0.16425538564830355,-0.11825166654519988
FPR,-0.0245795601552393,0.04265972744138939,0.2102582900665489
F1,0.959830866807611,0.28872352035094045,0.09445525591493278
