,root,intermediate,edge
DR,1.0,0.25707216494845364,-0.00493044156593061
FPR,-0.0,0.02130135869717974,0.1703275271379425
F1,1.0,0.45515431557193275,0.35237293966150485
