,root,intermediate,edge
DR,1.0,0.41707216494845356,0.05973247978238401
FPR,-0.0,0.03382661122243226,0.16465012745505433
F1,1.0,0.6006088610264783,0.3865538583153957
