,root,intermediate,edge
DR,1.0,0.5110631949289669,0.06921368352805998
FPR,-0.0010570824524312,0.01785487941502894,0.14059523338079666
F1,0.9908256880733946,0.599096906306545,0.29247620372454997
