,root,intermediate,edge
DR,1.0,-0.17953069954089107,0.03551020408163265
FPR,-0.0,0.18444532255286383,0.03823529411764705
F1,0.9118236472945892,-0.05867233796912905,0.05240963855421686
