,root,intermediate,edge
DR,1.0,-0.17583205626940154,-0.011784385096724071
FPR,-0.0,0.18699425473377573,0.08194786896794645
F1,0.9118236472945892,-0.0521898824005115,0.033977339396624916
