,root,intermediate,edge
DR,1.0,-0.07448049580751001,0.065
FPR,0.0329041487839771,0.12093751200215079,0.06472972972972973
F1,0.9772727272727272,0.0789270917533798,0.07878787878787878
