,root,intermediate,edge
DR,1.0,0.04312811529840197,-0.09664845558519575
FPR,-0.0200286123032904,0.15507616847887964,0.17765909615292177
F1,0.9772727272727272,0.2842765948439347,0.0808094731959188
