,root,intermediate,edge
DR,1.0,0.03811019415144854,-0.09664845558519575
FPR,-0.0200286123032904,0.17061014906140387,0.17765909615292177
F1,0.9772727272727272,0.28560637282403534,0.0808094731959188
