,root,intermediate,edge
DR,1.0,0.17997043606799704,0.03616122123772614
FPR,-0.0,0.02321284548267344,0.1348731682041299
F1,1.0,0.31901656728460637,0.28759505024138715
