,root,intermediate,edge
DR,1.0,0.33997043606799704,0.0440992445709427
FPR,-0.0,0.012639415165243958,0.12756478214623693
F1,1.0,0.42752571324925837,0.2739328714231827
