,root,intermediate,edge
DR,1.0,-0.24724676937443993,0.03222506393861892
FPR,0.09375,0.27772512336768707,0.03776683087027914
F1,0.9475728155339804,-0.07074963075505154,0.04874274661508704
