,root,intermediate,edge
DR,1.0,-0.16533408746175798,0.03222506393861892
FPR,0.09375,0.1840835048705772,0.03776683087027914
F1,0.9475728155339804,-0.04667836106850469,0.04874274661508704
