,root,intermediate,edge
DR,1.0,0.4972499861612765,0.025145187091389624
FPR,-0.0,0.018534310329687463,0.1616158204929954
F1,1.0,0.5979252329757172,0.38048293750873174
