,root,intermediate,edge
DR,1.0,0.356543912333386,0.06554484941581717
FPR,-0.0,0.03508597911542382,0.10798681248131603
F1,1.0,0.5640558132275727,0.2396414594711424
