,root,intermediate,edge
DR,1.0,-0.12380559842009312,-0.045397620162578214
FPR,-0.0546875,0.21348768577918387,0.058550602747406776
F1,0.9475728155339804,0.0389880682727692,0.0052553165928394706
