,root,intermediate,edge
DR,1.0,-0.15291162752612222,-0.045397620162578214
FPR,-0.0546875,0.24277477633795072,0.058550602747406776
F1,0.9475728155339804,0.0009158390954807749,0.0052553165928394706
