,root,intermediate,edge
DR,0.0,0.3966666666666666,0.14519943019943024
FPR,-0.0,-0.02588358505126226,0.1166062686401508
F1,0.0,0.2327540983606557,0.26544518798982114
