,root,intermediate,edge
DR,1.0,0.5194642857142857,0.12902051433644385
FPR,-0.0,0.00575122241913788,0.12415655706513548
F1,1.0,0.560484718726903,0.29126246736838773
